tanggal,kk,cleaning,trial,rm,mesin,fg_item,fg_qty,berat_unit,fg,hold,reject,waste,trimming,scrap_usage,dl,eff_hour,dt_produksi,dt_teknik
04/01/2021,WOC21A0001,FALSE,FALSE,2136.59,48,29372,2100,1,2100,0,0,36,0,0,3,8,0.3,0
04/01/2021,WOC21A0002,FALSE,FALSE,5001.02,48,29372,4925,1,4925,0,0,74.5,0,0,3,20,2,0
05/01/2021,WOC21A0003,FALSE,FALSE,1600.62,48,24698,1575,1,1575,0,0,25,0,0,3,6,1,0
06/01/2021,WOC21A0004,FALSE,FALSE,7084.48,48,29372,7000,1,7000,0,50,32,0,50,3,25,5.3,0
06/01/2021,WOC21A0005,FALSE,FALSE,12207.75,46,24698,12050,1,12050,0,100,54,0,100,3,45,4,0
07/01/2021,WOC21A0007,FALSE,FALSE,10272.1,48,24698,10200,1,10200,0,0,69,0,0,3,37,2,0
07/01/2021,WOC21A0008,FALSE,FALSE,3553.24,46,24698,3500,1,3500,0,0,52,0,0,3,13,0.3,0
08/01/2021,WOC21A0006,FALSE,FALSE,7091.77,46,24698,7050,1,7050,0,0,40,0,0,3,24.5,1.5,0
08/01/2021,WOC21A0010,FALSE,FALSE,6992.08,48,24698,6975,1,6975,0,0,15,0,0,3,26,1.3,0
11/01/2021,WOC21A0011,FALSE,FALSE,1250.83,48,29372,1225,1,1225,0,0,25.5,0,0,3,5,2,0
11/01/2021,WOC21A0012,FALSE,FALSE,1096.37,48,29372,1075,1,1075,0,0,21,0,0,3,4,0.3,0
11/01/2021,WOC21A0013,FALSE,FALSE,5281.27,48,24698,5175,1,5175,0,100,4.5,0,100,3,19,1,1
12/01/2021,WOC21A0014,FALSE,FALSE,487.92,48,24698,470,1,470,0,0,17.7,0,0,3,1.8,0.2,0
12/01/2021,WOC21A0015,FALSE,FALSE,495.93,48,24698,480,1,480,0,0,15.8,0,0,3,2,0.3,0
12/01/2021,WOC21A0016,FALSE,FALSE,2136.59,48,29372,2075,1,2075,0,0,61,0,0,3,8,0.3,0
13/01/2021,WOC21A0009,FALSE,FALSE,7055.52,46,24698,6975,1,6975,0,0,78,0,0,3,29,5,1
13/01/2021,WOC21A0017,FALSE,FALSE,5043.49,48,24698,5025,1,5025,0,0,17,0,0,3,20,2,2
14/01/2021,WOC21A0018,FALSE,FALSE,5087.11,48,24698,5000,1,5000,0,0,85,0,0,3,19,1,0
14/01/2021,WOC21A0019,FALSE,FALSE,972.9,46,29372,950,1,950,0,0,22.5,0,0,3,3.3,1,0
15/01/2021,WOC21A0020,FALSE,FALSE,6045.72,48,29372,5975,1,5975,0,0,69,0,0,3,23,1,0
15/01/2021,WOC21A0023,FALSE,FALSE,5074.16,48,24698,5050,1,5050,0,0,22,0,0,3,19,1,0
18/01/2021,WOC21A0022,FALSE,FALSE,2685.99,48,29372,2625,1,2625,0,0,60,0,0,3,11,1,1
18/01/2021,WOC21A0024,FALSE,FALSE,10148.4,46,24698,10015,1,10015,0,50,80,0,50,3,37,2.3,0
19/01/2021,WOC21A0025,FALSE,FALSE,1661.41,46,24698,1650,1,1650,0,0,10.9,0,0,3,6,0.3,0
19/01/2021,WOC21A0021,FALSE,FALSE,2063.23,48,24698,2050,1,2050,0,0,12.5,0,0,3,7,2.3,0
19/01/2021,WOC21A0027,FALSE,FALSE,1553.15,48,29372,1550,1,1550,0,0,2.5,0,0,3,6,0.3,0
19/01/2021,WOC21A0028,FALSE,FALSE,5628.75,46,29372,5600,1,5600,0,0,27,0,0,3,19,0.3,0
19/01/2021,WOC21A0029,FALSE,FALSE,1012.69,48,29372,1000,1,1000,0,0,12.4,0,0,3,4,0.2,0
20/01/2021,WOC21A0026,FALSE,FALSE,5077.84,46,24698,5000,1,5000,0,0,76,0,0,3,18,2,0
20/01/2021,WOC21A0030,FALSE,FALSE,5043.46,48,24698,5000,1,5000,0,0,42,0,0,3,19,2,0
20/01/2021,WOC21A0032,FALSE,FALSE,2093.72,48,29372,2075,1,2075,0,0,18,0,0,3,8,0.3,0
21/01/2021,WOC21A0031,FALSE,FALSE,10044.65,48,24698,9975,1,9975,0,0,67,0,0,3,39,2.3,0
21/01/2021,WOC21A0033,FALSE,FALSE,495.93,48,24698,425,1,425,0,50,20.8,0,50,3,2,2,0
22/01/2021,WOC21A0034,FALSE,FALSE,6022.64,48,24698,6000,1,6000,0,0,21,0,0,3,21,0.3,0
22/01/2021,WOC21A0035,FALSE,FALSE,2614.3,48,24698,2550,1,2550,0,0,63.5,0,0,3,10,3,0
22/01/2021,WOC21A0036,FALSE,FALSE,2239.9,46,29372,2175,1,2175,0,0,64,0,0,3,8,2,0
22/01/2021,WOC21A0037,FALSE,FALSE,5852.43,46,29372,5325,1,5325,0,500,25,0,500,3,18,2,0
22/01/2021,WOC21A0039,FALSE,FALSE,2136.57,48,29372,2075,1,2075,0,50,11,0,50,3,8,0.3,0
25/01/2021,WOC21A0038,FALSE,FALSE,4264.75,46,29372,4150,1,4150,0,50,63,0,50,3,17,2,0
25/01/2021,WOC21A0040,FALSE,FALSE,5077.7,48,24698,5000,1,5000,0,0,76,0,0,3,18,1,0
26/01/2021,WOC21A0041,FALSE,FALSE,6074.28,46,24698,5950,1,5950,0,100,22.2,0,100,3,21,2,0
26/01/2021,WOC21A0042,FALSE,FALSE,12944.65,46,24698,12775,1,12775,0,100,66,0,100,3,43,2,0
27/01/2021,WOC21A0043,FALSE,FALSE,5230.72,48,24698,5075,1,5075,0,100,54,0,100,3,19,4,0
14/01/2021,WOA21A0001,FALSE,TRUE,127.86,48,29372,100,1,100,0,0,27.8,0,0,3,0.4,0.2,0
27/01/2021,WOA21A0002,FALSE,TRUE,109.34,48,29372,100,1,100,0,0,9.3,0,0,3,0.4,0.2,0
18/01/2021,WOB21A0001,TRUE,FALSE,137.15,46,24698,0,1,0,0,0,137.1,0,0,3,0,0,0
25/01/2021,WOB21A0002,TRUE,FALSE,136.9,48,24698,0,1,0,0,0,136.8,0,0,3,0,0,0
27/01/2021,WOB21A0003,TRUE,FALSE,137.78,48,24698,0,1,0,0,0,137.7,0,0,3,0,0,0
02/06/2021,WOC21F0001,FALSE,FALSE,833.97,46,29372,825,1,825,0,0,8.5,0,0,3,3,0.2,0
02/06/2021,WOC21F0002,FALSE,FALSE,986.73,48,29372,975,1,975,0,0,11,0,0,3,3.5,0.3,0
02/06/2021,WOC21F0003,FALSE,FALSE,7901.76,48,24698,7825,1,7825,0,0,75,0,0,3,27.3,2,0
03/06/2021,WOC21F0004,FALSE,FALSE,1582.1,48,29372,1550,1,1550,0,0,31.5,0,0,3,5.6,0.3,0
03/06/2021,WOC21F0005,FALSE,FALSE,5005.36,46,24698,4925,1,4925,0,0,78.5,0,0,3,17.5,2,0
03/06/2021,WOC21F0006,FALSE,FALSE,2776.91,48,24698,2700,1,2700,0,0,75.5,0,0,3,10,0.3,0
03/06/2021,WOC21F0010,FALSE,FALSE,556.2,48,29372,540,1,540,0,0,14.5,0,0,3,2,0.1,0
04/06/2021,WOC21F0007,FALSE,FALSE,3027.63,48,24698,2950,1,2950,0,0,76.5,0,0,3,10.5,1,0
04/06/2021,WOC21F0008,FALSE,FALSE,2083.64,48,29372,2025,1,2025,0,0,58,0,0,3,7.2,1,0
04/06/2021,WOC21F0011,FALSE,FALSE,4976.22,46,24698,4910,1,4910,0,0,65,0,0,3,17,2,0
07/06/2021,WOC21F0009,FALSE,FALSE,4989.11,48,24698,4850,1,4850,0,0,137,0,0,3,17,1,0
07/06/2021,WOC21F0012,FALSE,FALSE,4835.54,46,24698,4700,1,4700,0,0,134,0,0,3,16,2,0
07/06/2021,WOC21F0013,FALSE,FALSE,5068.73,48,24698,5050,1,5050,0,0,17,0,0,3,17.5,0.3,0
07/06/2021,WOC21F0014,FALSE,FALSE,3155.21,46,29372,3075,1,3075,0,0,79,0,0,3,10.5,0.3,0
08/06/2021,WOC21F0015,FALSE,FALSE,2960.01,48,29372,2950,1,2950,0,0,9,0,0,3,10,0.2,0
08/06/2021,WOC21F0016,FALSE,FALSE,3534.44,46,24698,3500,1,3500,0,0,33.5,0,0,3,12,0.3,0
08/06/2021,WOC21F0017,FALSE,FALSE,1025.28,48,24698,1000,1,1000,0,0,25,0,0,3,3.4,0.1,0
09/06/2021,WOC21F0018,FALSE,FALSE,1922.06,48,24698,1900,1,1900,0,0,21.5,0,0,3,6.5,0.2,0
09/06/2021,WOC21F0019,FALSE,FALSE,5093.14,48,24698,5025,1,5025,0,0,67,0,0,3,17.5,0.5,0
09/06/2021,WOC21F0021,FALSE,FALSE,6150.3,46,29372,6050,1,6050,0,0,104,0,0,3,21,2,0
09/06/2021,WOC21F0023,FALSE,FALSE,1096.42,46,29372,1075,1,1075,0,0,21,0,0,3,4,0.2,0
10/06/2021,WOC21F0022,FALSE,FALSE,5094.17,48,24698,5050,1,5050,0,0,42,0,0,3,17,0.5,1
10/06/2021,WOC21F0024,FALSE,FALSE,606.23,48,24698,600,1,600,0,0,6,0,0,3,2.1,0.2,0
10/06/2021,WOC21F0026,FALSE,FALSE,983.93,46,29372,925,1,925,0,0,58.5,0,0,3,3.2,0.5,0
11/06/2021,WOC21F0025,FALSE,FALSE,7537.63,48,24698,7425,1,7425,0,0,110,0,0,3,25.5,2,0
11/06/2021,WOC21F0029,FALSE,FALSE,565.9,48,24698,550,1,550,0,0,14.5,0,0,3,2,0.2,0
11/06/2021,WOC21F0032,FALSE,FALSE,5163.46,48,24698,5050,1,5050,0,0,112,0,0,3,17.2,2,0
14/06/2021,WOC21F0027,FALSE,FALSE,14109.19,46,29372,12705,1,12705,0,150,1250,0,150,3,43,2,0
14/06/2021,WOC21F0028,FALSE,FALSE,2198.5,46,29372,2147,1,2147,0,0,50.5,0,0,3,7.5,1,0
15/06/2021,WOC21F0030,FALSE,FALSE,6572.58,48,29372,6400,1,6400,0,0,170,0,0,3,22,2,0
15/06/2021,WOC21F0031,FALSE,FALSE,2367.7,48,29372,2300,1,2300,0,0,67,0,0,3,8,0.3,0
16/06/2021,WOC21F0033,FALSE,FALSE,7664.9,48,24698,7500,1,7500,0,0,163,0,0,3,26,2,0
16/06/2021,WOC21F0034,FALSE,FALSE,9978.75,46,24698,9700,1,9700,0,0,275,0,0,3,33,2,0
17/06/2021,WOC21F0035,FALSE,FALSE,3156.21,46,29372,3075,1,3075,0,0,80,0,0,3,11,1.3,0
17/06/2021,WOC21F0038,FALSE,FALSE,2023.3,48,29372,2000,1,2000,0,0,22.5,0,0,3,9,0.3,0
18/06/2021,WOC21F0036,FALSE,FALSE,5192.12,48,24698,5100,1,5100,0,0,90.5,0,0,3,17.5,0.2,0
18/06/2021,WOC21F0037,FALSE,FALSE,5012.35,46,24698,4900,1,4900,0,0,111,0,0,3,17,2,0
18/06/2021,WOC21F0040,FALSE,FALSE,2075,48,24698,2025,1,2025,0,0,49.5,0,0,3,7,0.2,0
18/06/2021,WOC21F0041,FALSE,FALSE,6116.62,46,24698,5950,1,5950,0,0,165,0,0,3,20.3,2,1
21/06/2021,WOC21F0020,FALSE,FALSE,6474.39,48,29372,6350,1,6350,0,0,122,0,0,3,23,2,0
21/06/2021,WOC21F0039,FALSE,FALSE,5949,48,29372,5825,1,5825,0,0,122,0,0,3,20.2,0.3,0
21/06/2021,WOC21F0042,FALSE,FALSE,5246.25,46,24698,5100,1,5100,0,0,144,0,0,3,18,3,0
21/06/2021,WOC21F0045,FALSE,FALSE,1112.31,48,24698,1075,1,1075,0,0,36.5,0,0,3,4,0.2,0
23/06/2021,WOC21F0043,FALSE,FALSE,11815.57,46,24698,11650,1,11650,0,0,162,0,0,3,39.5,2,0
28/06/2021,WOC21F0044,FALSE,FALSE,3964.3,48,24698,3900,1,3900,0,0,53,0,0,3,13.5,1,0
28/06/2021,WOC21F0046,FALSE,FALSE,8489.65,46,24698,8250,1,8250,0,100,136,0,100,3,28.5,2,0
28/06/2021,WOC21F0047,FALSE,FALSE,10124.38,48,24698,10025,1,10025,0,0,96.8,0,0,3,34,1.3,0
28/06/2021,WOC21F0048,FALSE,FALSE,5183.44,46,24698,5150,1,5150,0,0,32,0,0,3,18,1,0
28/06/2021,WOC21F0049,FALSE,FALSE,887.57,48,29372,875,1,875,0,0,12.3,0,0,3,3,0.2,0
11/06/2021,WOA21F0001,FALSE,TRUE,232.39,46,29372,200,1,200,0,0,32.2,0,0,3,0.7,0.1,0
02/06/2021,WOB21F0001,TRUE,FALSE,136.9,48,24698,0,1,0,0,0,136.8,0,0,3,0,0,0
03/06/2021,WOB21F0002,TRUE,FALSE,136.9,46,24698,0,1,0,0,0,136.8,0,0,3,0,0,0
11/06/2021,WOB21F0003,TRUE,FALSE,136.9,48,24698,0,1,0,0,0,136.8,0,0,3,0,0,0
15/06/2021,WOB21F0004,TRUE,FALSE,136.9,46,24698,0,1,0,0,0,136.8,0,0,3,0,0,0
03/05/2021,WOC21E0001,FALSE,FALSE,4999.48,48,24698,4850,1,4850,0,0,148,0,0,3,16.5,1,0
03/05/2021,WOC21E0002,FALSE,FALSE,2136.57,48,29372,2075,1,2075,0,0,61,0,0,3,7.2,0.3,0
03/05/2021,WOC21E0003,FALSE,FALSE,1529.69,46,24698,1500,1,1500,0,0,29,0,0,3,5.3,2,0
03/05/2021,WOC21E0004,FALSE,FALSE,1865.64,46,24698,1825,1,1825,0,0,40,0,0,3,6.5,2,0
03/05/2021,WOC21E0005,FALSE,FALSE,1012.72,48,29372,1000,1,1000,0,0,12,0,0,3,3.4,0.3,0
04/05/2021,WOC21E0006,FALSE,FALSE,3114.58,48,24698,3025,1,3025,0,0,88,0,0,3,10.4,1,0
04/05/2021,WOC21E0010,FALSE,FALSE,1580.52,48,29372,1550,1,1550,0,0,30,0,0,3,5.3,0.3,0
05/05/2021,WOC21E0009,FALSE,FALSE,5063.51,48,24698,4975,1,4975,0,0,87,0,0,3,17,1,0
05/05/2021,WOC21E0012,FALSE,FALSE,10098.64,46,24698,9900,1,9900,0,0,195,0,0,3,34,4,0
05/05/2021,WOC21E0013,FALSE,FALSE,2600.91,48,24698,2575,1,2575,0,0,25,0,0,3,8.9,2,0
06/05/2021,WOC21E0011,FALSE,FALSE,10025.22,48,24698,9900,1,9900,0,0,122,0,0,3,34,4,0
07/05/2021,WOC21E0014,FALSE,FALSE,3114.61,48,24698,3025,1,3025,0,0,88,0,0,3,10.4,0.5,0
07/05/2021,WOC21E0015,FALSE,FALSE,9607.34,46,29372,9325,1,9325,0,0,278,0,0,3,32,2,0
10/05/2021,WOC21E0016,FALSE,FALSE,4938.94,48,24698,4900,1,4900,0,0,37,0,0,3,17,3,0
11/05/2021,WOC21E0017,FALSE,FALSE,6011.5,46,24698,5975,1,5975,0,0,35,0,0,3,20.5,2,0
17/05/2021,WOC21E0019,FALSE,FALSE,4938.94,48,24698,4900,1,4900,0,0,37,0,0,3,16.9,0.3,0
18/05/2021,WOC21E0018,FALSE,FALSE,4616.7,48,29372,4500,1,4500,0,0,115,0,0,3,15.7,2,0
18/05/2021,WOC21E0021,FALSE,FALSE,6327.33,46,24698,6275,1,6275,0,0,50,0,0,3,21.6,0.3,0
19/05/2021,WOC21E0007,FALSE,FALSE,998.7,48,29372,975,1,975,0,0,23,0,0,3,3.3,0.2,0
19/05/2021,WOC21E0008,FALSE,FALSE,2005.48,48,29372,1985,1,1985,0,0,20,0,0,3,7,0.2,0
19/05/2021,WOC21E0020,FALSE,FALSE,5021.08,46,24698,4925,1,4925,0,0,94,0,0,3,17.4,1,0
20/05/2021,WOC21E0022,FALSE,FALSE,2417.96,46,29372,2350,1,2350,0,0,67,0,0,3,8.2,2,0
20/05/2021,WOC21E0024,FALSE,FALSE,10246.21,48,24698,10125,1,10125,0,0,118,0,0,3,34,2.3,0
21/05/2021,WOC21E0023,FALSE,FALSE,6132.27,48,24698,6100,1,6100,0,0,30,0,0,3,21,0.52,0
21/05/2021,WOC21E0026,FALSE,FALSE,443.76,48,29372,435,1,435,0,0,8.2,0,0,3,1.5,0.15,0
24/05/2021,WOC21E0025,FALSE,FALSE,11951.19,48,24698,11825,1,11825,0,0,123,0,0,3,40.5,4,0
25/05/2021,WOC21E0027,FALSE,FALSE,2030.7,48,29372,1975,1,1975,0,0,55,0,0,3,6.8,0.45,0
20/05/2021,WOA21E0001,FALSE,TRUE,64.2,46,29372,40,1,40,0,0,24,0,0,3,0.15,0.1,0
20/05/2021,WOA21E0002,FALSE,TRUE,116.17,46,29372,75,1,75,0,0,41,0,0,3,0.3,0.1,0
03/05/2021,WOB21E0001,TRUE,FALSE,136.9,48,24698,0,1,0,0,0,136,0,0,3,0,0,0
05/05/2021,WOB21E0002,TRUE,FALSE,136.9,46,24698,0,1,0,0,0,136,0,0,3,0,0,0
19/05/2021,WOB21E0003,TRUE,FALSE,136.9,48,24698,0,1,0,0,0,136.8,0,0,3,0,0,0
05/04/2021,WOC21D0001,FALSE,FALSE,7684.33,46,24698,7550,1,7550,0,0,132,0,0,3,26.17,5,0
05/04/2021,WOC21D0003,FALSE,FALSE,5073.53,48,29372,5025,1,5025,0,0,47,0,0,3,17,1,0
05/04/2021,WOC21D0004,FALSE,FALSE,3035.19,48,24698,2950,1,2950,0,0,84,0,0,3,10,1.3,0
05/04/2021,WOC21D0005,FALSE,FALSE,4610.58,48,24698,4550,1,4550,0,0,59,0,0,3,16,1,0
05/04/2021,WOC21D0006,FALSE,FALSE,4766.13,46,24698,4760,1,4760,0,0,4,0,0,3,16.5,2,0
06/04/2021,WOC21D0002,FALSE,FALSE,5303.12,46,24698,5175,1,5175,0,0,126,0,0,3,18,3,0
06/04/2021,WOC21D0007,FALSE,FALSE,5087.14,48,24698,5010,1,5010,0,0,75,0,0,3,17,1.3,0
07/04/2021,WOC21D0008,FALSE,FALSE,4968.44,48,24698,4950,1,4950,0,0,17,0,0,3,17,1,0
07/04/2021,WOC21D0009,FALSE,FALSE,4762.94,46,24698,4725,1,4725,0,0,36,0,0,3,16,2,0
07/04/2021,WOC21D0010,FALSE,FALSE,3105.28,48,24698,3050,1,3050,0,0,54,0,0,3,10.8,1.3,0
07/04/2021,WOC21D0012,FALSE,FALSE,3106.26,46,24698,3025,1,3025,0,0,80,0,0,3,10.3,0.3,0
08/04/2021,WOC21D0011,FALSE,FALSE,5058.42,48,24698,5000,1,5000,0,0,57,0,0,3,17.5,1,0
08/04/2021,WOC21D0013,FALSE,FALSE,5060.26,46,24698,5000,1,5000,0,0,58,0,0,3,17.6,2,0
08/04/2021,WOC21D0016,FALSE,FALSE,1442.21,46,24698,1400,1,1400,0,0,41,0,0,3,5,2,0
09/04/2021,WOC21D0014,FALSE,FALSE,4152.81,48,24698,4100,1,4100,0,0,51,0,0,3,14,0.3,0
09/04/2021,WOC21D0015,FALSE,FALSE,2832.05,48,24698,2800,1,2800,0,0,31,0,0,3,10,0.2,0
09/04/2021,WOC21D0017,FALSE,FALSE,9805.25,46,29372,8975,1,8975,0,0,827,0,0,3,31,4,0
09/04/2021,WOC21D0018,FALSE,FALSE,1663.62,48,29372,1625,1,1625,0,0,38,0,0,3,6,0.3,0
09/04/2021,WOC21D0019,FALSE,FALSE,1442.21,48,29372,1400,1,1400,0,0,41,0,0,3,5,1,0
09/04/2021,WOC21D0021,FALSE,FALSE,998.42,48,24698,975,1,975,0,0,23,0,0,3,3.5,0.5,0
12/04/2021,WOC21D0020,FALSE,FALSE,4154.12,48,29372,4125,1,4125,0,0,27,0,0,3,14.5,1.3,0
13/04/2021,WOC21D0022,FALSE,FALSE,5078.36,46,24698,4950,1,4950,0,50,77,0,50,3,17,3,0
13/04/2021,WOC21D0025,FALSE,FALSE,3148.63,48,29372,3075,1,3075,0,0,72,0,0,3,11,1,0
14/04/2021,WOC21D0027,FALSE,FALSE,4585.06,48,24698,4500,1,4500,0,0,83,0,0,3,16,1.3,0
14/04/2021,WOC21D0028,FALSE,FALSE,5012.35,48,24698,4925,1,4925,0,0,86,0,0,3,17,3,0
15/04/2021,WOC21D0026,FALSE,FALSE,3046.25,46,29372,3025,1,3025,0,0,20,0,0,3,10.55,1.6,0
16/04/2021,WOC21D0029,FALSE,FALSE,5044.01,48,24698,4950,1,4950,0,0,92,0,0,3,17,2,0
16/04/2021,WOC21D0030,FALSE,FALSE,5126.27,48,24698,5000,1,5000,0,50,74,0,50,3,17.3,2,0
19/04/2021,WOC21D0031,FALSE,FALSE,5048.32,46,24698,4950,1,4950,0,0,95,0,0,3,17.2,2.2,0
19/04/2021,WOC21D0033,FALSE,FALSE,8448.78,48,29372,8250,1,8250,0,100,90,0,100,3,28,3,0
20/04/2021,WOC21D0039,FALSE,FALSE,1644.54,48,29372,1600,1,1600,0,0,43,0,0,3,5.8,0.2,0
20/04/2021,WOC21D0040,FALSE,FALSE,877.1,48,29372,875,1,875,0,0,0,0,0,3,3.2,0.15,0
20/04/2021,WOC21D0041,FALSE,FALSE,5242.34,46,24698,5125,1,5125,0,0,114,0,0,3,18,4,0
20/04/2021,WOC21D0042,FALSE,FALSE,886.71,48,24698,875,1,875,0,0,11,0,0,3,3,0.3,0
21/04/2021,WOC21D0023,FALSE,FALSE,3168.3,46,24698,3075,1,3075,0,0,92,0,0,3,10.4,1.2,0
21/04/2021,WOC21D0032,FALSE,FALSE,5176.95,48,29372,5075,1,5075,0,0,98,0,0,3,17.5,2,0
22/04/2021,WOC21D0024,FALSE,FALSE,3589.65,46,24698,3500,1,3500,0,0,88,0,0,3,12,2,0
22/04/2021,WOC21D0035,FALSE,FALSE,5048.12,48,24698,4950,1,4950,0,0,97,0,0,3,17,0.3,0
22/04/2021,WOC21D0036,FALSE,FALSE,5014.35,48,24698,4950,1,4950,0,0,60,0,0,3,17,3,0
23/04/2021,WOC21D0037,FALSE,FALSE,999.54,48,24698,975,1,975,0,0,24,0,0,3,3.4,0.25,0
23/04/2021,WOC21D0038,FALSE,FALSE,6577.2,46,29372,6375,1,6375,0,100,100,0,100,3,22,4,0
23/04/2021,WOC21D0043,FALSE,FALSE,5133.89,46,24698,5050,1,5050,0,0,80,0,0,3,17.5,2,0
23/04/2021,WOC21D0044,FALSE,FALSE,5222.16,48,29372,5075,1,5075,0,50,93,0,50,3,17.5,2,0
27/04/2021,WOC21D0034,FALSE,FALSE,5864.71,48,29372,5775,1,5775,0,0,88,0,0,3,19.85,1,0
28/04/2021,WOC21D0045,FALSE,FALSE,10153.61,48,24698,10050,1,10050,0,0,100,0,0,3,34.6,3,0
12/04/2021,WOB21D0001,TRUE,FALSE,135.9,48,24698,0,1,0,0,0,135,0,0,3,0,0,0
20/04/2021,WOB21D0002,TRUE,FALSE,136.9,46,24698,0,1,0,0,0,136,0,0,3,0,0,0
01/03/2021,WOC21C0001,FALSE,FALSE,2574.21,48,29372,2525,1,2525,0,0,48.5,0,0,3,9,1,0
01/03/2021,WOC21C0002,FALSE,FALSE,10087.66,46,24698,9900,1,9900,0,100,85,0,100,3,34,6,0
01/03/2021,WOC21C0003,FALSE,FALSE,4273.52,48,24698,4200,1,4200,0,0,72,0,0,3,15,1,0
02/03/2021,WOC21C0004,FALSE,FALSE,2593.04,48,24698,2575,1,2575,0,0,17,0,0,3,9,0.3,0
02/03/2021,WOC21C0005,FALSE,FALSE,2024.12,48,29372,1975,1,1975,0,0,48.5,0,0,3,7,0.3,0
02/03/2021,WOC21C0006,FALSE,FALSE,7107.22,46,24698,6900,1,6900,0,100,105,0,100,3,24,4,0
02/03/2021,WOC21C0008,FALSE,FALSE,1595.24,48,29372,1575,1,1575,0,0,19.7,0,0,3,6,1.3,0
03/03/2021,WOC21C0007,FALSE,FALSE,2030.91,48,24698,2025,1,2025,0,0,5,0,0,3,7,0.3,0
03/03/2021,WOC21C0009,FALSE,FALSE,6107.28,48,24698,6050,1,6050,0,0,55,0,0,3,21,0.3,0
04/03/2021,WOC21C0011,FALSE,FALSE,902.88,46,29372,810,1,810,0,0,92.6,0,0,3,3,0.3,0
04/03/2021,WOC21C0012,FALSE,FALSE,3141.78,48,24698,3100,1,3100,0,0,40.5,0,0,3,11,1.3,0
05/03/2021,WOC21C0013,FALSE,FALSE,6150.11,48,29372,6050,1,6050,0,0,98,0,0,3,21,2,0
05/03/2021,WOC21C0014,FALSE,FALSE,1524.98,48,24698,1500,1,1500,0,0,24.5,0,0,3,5.5,2,2
08/03/2021,WOC21C0010,FALSE,FALSE,4141.8,48,24698,4050,1,4050,0,0,90,0,0,3,14,2.3,0
08/03/2021,WOC21C0015,FALSE,FALSE,3147.55,48,24698,3075,1,3075,0,0,71.5,0,0,3,11,1.3,0
09/03/2021,WOC21C0016,FALSE,FALSE,3036.21,48,24698,3000,1,3000,0,0,35,0,0,3,11,0.3,0
09/03/2021,WOC21C0017,FALSE,FALSE,3148.63,48,29372,3100,1,3100,0,0,47.5,0,0,3,11,1,0
10/03/2021,WOC21C0018,FALSE,FALSE,2063.37,48,24698,2050,1,2050,0,0,12,0,0,3,7,0.3,0
10/03/2021,WOC21C0019,FALSE,FALSE,2030.84,48,24698,2000,1,2000,0,0,30,0,0,3,7,1,0
10/03/2021,WOC21C0020,FALSE,FALSE,2125.02,48,24698,2100,1,2100,0,0,24,0,0,3,7.58,0.3,0
12/03/2021,WOC21C0023,FALSE,FALSE,6187.46,46,24698,6050,1,6050,0,100,35,0,100,3,21,1,2
12/03/2021,WOC21C0024,FALSE,FALSE,6150.22,46,29372,6075,1,6075,0,0,73,0,0,3,21,1,0
12/03/2021,WOC21C0025,FALSE,FALSE,1552.76,48,29372,1525,1,1525,0,0,27,0,0,3,5.5,1,0
12/03/2021,WOC21C0026,FALSE,FALSE,1553.25,48,29372,1550,1,1550,0,0,2.8,0,0,3,5.7,1,0
12/03/2021,WOC21C0027,FALSE,FALSE,1139.29,48,24698,1125,1,1125,0,0,14,0,0,3,4,0.3,0
12/03/2021,WOC21C0028,FALSE,FALSE,3087.57,48,24698,3075,1,3075,0,0,11.5,0,0,3,11,1,0
15/03/2021,WOC21C0021,FALSE,FALSE,3035.16,48,24698,2975,1,2975,0,0,59,0,0,3,10.5,1.3,0
15/03/2021,WOC21C0022,FALSE,FALSE,3144.26,46,24698,3100,1,3100,0,0,43,0,0,3,11,1,0
15/03/2021,WOC21C0029,FALSE,FALSE,2136.57,48,29372,2075,1,2075,0,0,61,0,0,3,7,0.3,0
15/03/2021,WOC21C0031,FALSE,FALSE,2701.08,46,24698,2625,1,2625,0,50,25,0,50,3,9,1,0
16/03/2021,WOC21C0030,FALSE,FALSE,5136.44,48,24698,5075,1,5075,0,0,60,0,0,3,17.3,1,0
16/03/2021,WOC21C0032,FALSE,FALSE,6074.96,46,24698,6000,1,6000,0,0,73,0,0,3,20.5,1,0
16/03/2021,WOC21C0034,FALSE,FALSE,691.24,48,24698,675,1,675,0,0,16,0,0,3,2.4,0.3,0
16/03/2021,WOC21C0037,FALSE,FALSE,2438.51,46,24698,2400,1,2400,0,0,37.5,0,0,3,8.3,0.3,0
17/03/2021,WOC21C0033,FALSE,FALSE,2809.1,47,24698,2725,1,2725,0,0,83,0,0,3,9.5,1.3,0
17/03/2021,WOC21C0035,FALSE,FALSE,5230.45,48,24698,5075,1,5075,0,100,54,0,100,3,17.3,2,0
17/03/2021,WOC21C0036,FALSE,FALSE,3115.09,48,24698,3025,1,3025,0,0,89,0,0,3,10.8,0.3,0
17/03/2021,WOC21C0038,FALSE,FALSE,6075.24,47,24698,5900,1,5900,0,100,73,0,100,3,20,2.3,0
17/03/2021,WOC21C0040,FALSE,FALSE,3165.5,46,24698,3100,1,3100,0,0,64.5,0,0,3,11,2,0
17/03/2021,WOC21C0041,FALSE,FALSE,2605.13,46,24698,2450,1,2450,0,0,154,0,0,3,8.5,2,0
18/03/2021,WOC21C0039,FALSE,FALSE,2293.19,47,29372,2225,1,2225,0,0,67.5,0,0,3,8,2,0
18/03/2021,WOC21C0042,FALSE,FALSE,3745.58,46,29372,3245,1,3245,0,300,199,0,300,3,11,2,0
18/03/2021,WOC21C0043,FALSE,FALSE,3148.63,48,29372,3075,1,3075,0,0,72,0,0,3,11,1,0
18/03/2021,WOC21C0045,FALSE,FALSE,6075.52,47,24698,5900,1,5900,0,100,74,0,100,3,20,3.3,0
19/03/2021,WOC21C0046,FALSE,FALSE,8618.33,48,24698,8525,1,8525,0,0,91,0,0,3,29,1,0
19/03/2021,WOC21C0047,FALSE,FALSE,2030.97,46,24698,1975,1,1975,0,0,55.3,0,0,3,7,0.3,0
19/03/2021,WOC21C0049,FALSE,FALSE,2592.99,46,24698,2525,1,2525,0,0,67,0,0,3,9,1,0
19/03/2021,WOC21C0050,FALSE,FALSE,6075.79,47,24698,5950,1,5950,0,50,74,0,50,3,21,1.3,0
19/03/2021,WOC21C0052,FALSE,FALSE,3217.27,46,24698,3150,1,3150,0,0,66,0,0,3,11,1,0
22/03/2021,WOC21C0044,FALSE,FALSE,5142.79,48,29372,5050,1,5050,0,0,91,0,0,3,18,1.3,0
22/03/2021,WOC21C0051,FALSE,FALSE,6075.24,47,24698,6000,1,6000,0,0,73,0,0,3,21,2,0
22/03/2021,WOC21C0053,FALSE,FALSE,3036.18,46,29372,2950,1,2950,0,0,85,0,0,3,10,1,0
23/03/2021,WOC21C0048,FALSE,FALSE,5007.44,48,24698,5000,1,5000,0,0,6,0,0,3,18,2.3,0
23/03/2021,WOC21C0054,FALSE,FALSE,2024.12,46,29372,1975,1,1975,0,0,48.5,0,0,3,7,2,0
23/03/2021,WOC21C0055,FALSE,FALSE,6075.52,46,24698,6000,1,6000,0,0,74,0,0,3,22,2.3,0
23/03/2021,WOC21C0057,FALSE,FALSE,6075.24,47,24698,6050,1,6050,0,0,23,0,0,3,21,2,0
24/03/2021,WOC21C0058,FALSE,FALSE,6340.89,47,24698,6275,1,6275,0,0,63,0,0,3,26,2,0
24/03/2021,WOC21C0056,FALSE,FALSE,7176.9,48,24698,7025,1,7025,0,100,49,0,100,3,24,2.3,0
24/03/2021,WOC21C0060,FALSE,FALSE,3997.49,46,24698,3950,1,3950,0,0,46,0,0,3,14,0.3,0
24/03/2021,WOC21C0066,FALSE,FALSE,2605.25,47,24698,2550,1,2550,0,0,54,0,0,3,9,2,0
25/03/2021,WOC21C0059,FALSE,FALSE,6287.52,48,24698,6175,1,6175,0,50,60,0,50,3,22,1,0
25/03/2021,WOC21C0061,FALSE,FALSE,5061.85,46,24698,4975,1,4975,0,0,85,0,0,3,17,1,0
26/03/2021,WOC21C0062,FALSE,FALSE,666.15,48,24698,650,1,650,0,0,15,0,0,3,2.3,0.3,0
26/03/2021,WOC21C0063,FALSE,FALSE,6046.1,46,29372,5900,1,5900,0,100,44,0,100,3,20,2,0
26/03/2021,WOC21C0064,FALSE,FALSE,3036.18,46,29372,3000,1,3000,0,0,35,0,0,3,10.3,1,0
26/03/2021,WOC21C0065,FALSE,FALSE,2093.76,48,29372,2050,1,2050,0,0,43,0,0,3,7,0.3,0
26/03/2021,WOC21C0067,FALSE,FALSE,8085.32,48,24698,8000,1,8000,0,0,83,0,0,3,27,3,0
26/03/2021,WOC21C0068,FALSE,FALSE,6162.1,46,29372,6050,1,6050,0,50,60,0,50,3,21,3,0
31/03/2021,WOC21C0069,FALSE,FALSE,12480.66,46,24698,12350,1,12350,0,0,126,0,0,3,42,5,2
31/03/2021,WOC21C0070,FALSE,FALSE,2620.92,46,24698,2550,1,2550,0,0,70,0,0,3,9,1,0
31/03/2021,WOC21C0071,FALSE,FALSE,8208.93,48,29372,8075,1,8075,0,50,80.5,0,50,3,28,1,0
04/03/2021,WOA21C0001,FALSE,TRUE,139.1,46,29372,75,1,75,0,0,64,0,0,3,0.3,0.1,0
19/03/2021,WOA21C0002,FALSE,TRUE,106.4,46,29372,75,1,75,0,0,31,0,0,3,0.3,0.1,0
16/03/2021,WOB21C0001,TRUE,FALSE,136.9,48,24698,0,1,0,0,0,136,0,0,3,0,0,0
18/03/2021,WOB21C0002,TRUE,FALSE,136.9,47,24698,0,1,0,0,0,136.8,0,0,3,0,0,0
19/03/2021,WOB21C0003,TRUE,FALSE,136.9,46,24698,0,1,0,0,0,136.8,0,0,3,0,0,0
31/03/2021,WOB21C0004,TRUE,FALSE,136.5,48,24698,0,1,0,0,0,136.4,0,0,3,0,0,0
01/02/2021,WOC21B0001,FALSE,FALSE,10247.69,48,24698,10150,1,10150,0,0,95,0,0,3,37,5,0
01/02/2021,WOC21B0002,FALSE,FALSE,1441.84,48,29372,1425,1,1425,0,0,16.4,0,0,3,5.3,0.3,0
01/02/2021,WOC21B0003,FALSE,FALSE,3426.63,48,24698,3325,1,3325,0,50,50.5,0,50,3,13,3,1
02/02/2021,WOC21B0004,FALSE,FALSE,5114.48,48,24698,5050,1,5050,0,0,63,0,0,3,19,2,0
02/02/2021,WOC21B0006,FALSE,FALSE,2136.57,48,29372,2075,1,2075,0,0,61,0,0,3,8,2,0
02/02/2021,WOC21B0007,FALSE,FALSE,1096.4,48,29372,1075,1,1075,0,0,21,0,0,3,4,0.2,0
03/02/2021,WOC21B0008,FALSE,FALSE,1563.57,48,29372,1525,1,1525,0,0,38,0,0,3,6,1,1
03/02/2021,WOC21B0009,FALSE,FALSE,5123,48,29372,5000,1,5000,0,50,71,0,50,3,20,2,0
04/02/2021,WOC21B0011,FALSE,FALSE,5074.41,48,24698,5050,1,5050,0,0,23,0,0,3,19,2,0
05/02/2021,WOC21B0010,FALSE,FALSE,3103.5,48,24698,3050,1,3050,0,0,52.5,0,0,3,11.3,2,0
05/02/2021,WOC21B0012,FALSE,FALSE,584.14,48,24698,575,1,575,0,0,8.9,0,0,3,2,0.3,0
05/02/2021,WOC21B0005,FALSE,FALSE,5112.65,48,29372,5050,1,5050,0,0,61,0,0,3,20,1,0
08/02/2021,WOC21B0013,FALSE,FALSE,5733.1,48,29372,5600,1,5600,0,75,56,0,75,3,23,3,0
08/02/2021,WOC21B0014,FALSE,FALSE,10252.27,46,24698,10050,1,10050,0,100,98,0,100,3,34,3,0
09/02/2021,WOC21B0015,FALSE,FALSE,3106.33,48,24698,3075,1,3075,0,0,30,0,0,3,11,1,0
09/02/2021,WOC21B0016,FALSE,FALSE,5737.31,46,24698,5650,1,5650,0,0,85,0,0,3,19,1,0
09/02/2021,WOC21B0018,FALSE,FALSE,443.77,48,29372,440,1,440,0,0,3.6,0,0,3,1.5,0.2,0
10/02/2021,WOC21B0017,FALSE,FALSE,5126.36,48,24698,5050,1,5050,0,0,75,0,0,3,20,2,0
10/02/2021,WOC21B0019,FALSE,FALSE,2136.57,46,29372,2075,1,2075,0,0,61,0,0,3,7,0.3,0
11/02/2021,WOC21B0022,FALSE,FALSE,5043.68,48,24698,5025,1,5025,0,0,17,0,0,3,20,1.3,0
11/02/2021,WOC21B0023,FALSE,FALSE,5281.47,48,24698,5225,1,5225,0,0,55,0,0,3,21,3,0
11/02/2021,WOC21B0025,FALSE,FALSE,5175.01,46,24698,5125,1,5125,0,0,48,0,0,3,17.3,1,0
15/02/2021,WOC21B0020,FALSE,FALSE,5402.24,46,24698,5250,1,5250,0,50,100,0,50,3,21,2,1
15/02/2021,WOC21B0021,FALSE,FALSE,5125.51,48,29372,5050,1,5050,0,0,74,0,0,3,20,2,0
15/02/2021,WOC21B0024,FALSE,FALSE,5043.65,46,24698,5025,1,5025,0,0,17,0,0,3,20,2,0
16/02/2021,WOC21B0026,FALSE,FALSE,5074.36,46,24698,5025,1,5025,0,0,48,0,0,3,18,2.3,0
16/02/2021,WOC21B0027,FALSE,FALSE,5087.14,48,24698,5025,1,5025,0,0,60.5,0,0,3,18,1.3,0
17/02/2021,WOC21B0030,FALSE,FALSE,5012.35,48,24698,4975,1,4975,0,0,36,0,0,3,19,1.3,0
17/02/2021,WOC21B0031,FALSE,FALSE,5158.31,46,24698,5075,1,5075,0,0,81.7,0,0,3,20,2.3,0
18/02/2021,WOC21B0028,FALSE,FALSE,10014.31,48,24698,9850,1,9850,0,100,61,0,100,3,36,4.3,0
18/02/2021,WOC21B0032,FALSE,FALSE,5174.88,46,24698,5100,1,5100,0,0,73,0,0,3,17.3,2,0
19/02/2021,WOC21B0029,FALSE,FALSE,1142.2,48,24698,1125,1,1125,0,0,16.5,0,0,3,4,0.3,0
19/02/2021,WOC21B0033,FALSE,FALSE,790.62,48,29372,775,1,775,0,0,15.4,0,0,3,3,0.3,0
19/02/2021,WOC21B0034,FALSE,FALSE,1330.94,48,29372,1300,1,1300,0,0,30.5,0,0,3,5,0.3,0
19/02/2021,WOC21B0036,FALSE,FALSE,12225.37,46,29372,12075,1,12075,0,0,147,0,0,3,45,5,0
19/02/2021,WOC21B0037,FALSE,FALSE,5043.79,48,24698,5025,1,5025,0,0,17,0,0,3,20,2,0
22/02/2021,WOC21B0035,FALSE,FALSE,4722.95,46,29372,4675,1,4675,0,0,46.5,0,0,3,16,1,0
22/02/2021,WOC21B0038,FALSE,FALSE,7042.24,48,24698,7000,1,7000,0,0,40,0,0,3,27,2.3,0
22/02/2021,WOC21B0039,FALSE,FALSE,1143.04,48,24698,1125,1,1125,0,0,17.7,0,0,3,4.3,0.3,0
23/02/2021,WOC21B0040,FALSE,FALSE,2593.09,48,24698,2550,1,2550,0,0,42,0,0,3,9,1.3,0
23/02/2021,WOC21B0041,FALSE,FALSE,4970.94,46,29372,3250,1,3250,0,1300,419,0,1300,3,13,2,0
23/02/2021,WOC21B0042,FALSE,FALSE,7042.24,48,24698,7025,1,7025,0,0,15,0,0,3,26,2.3,1
24/02/2021,WOC21B0045,FALSE,FALSE,2031.02,48,24698,2000,1,2000,0,0,30.5,0,0,3,8,1,0
24/02/2021,WOC21B0046,FALSE,FALSE,1004.89,48,29372,1000,1,1000,0,0,4.6,0,0,3,4,0.3,0
24/02/2021,WOC21B0043,FALSE,FALSE,10775.46,46,24698,10600,1,10600,0,50,122,0,50,3,39,8,0
24/02/2021,WOC21B0044,FALSE,FALSE,8492.52,46,24698,8450,1,8450,0,0,40,0,0,3,30,3,0
24/02/2021,WOC21B0047,FALSE,FALSE,2037.52,48,29372,2025,1,2025,0,0,12,0,0,3,7.3,0.3,0
23/02/2021,WOB21B0001,TRUE,FALSE,136.9,48,24698,0,1,0,0,0,136.8,0,0,3,0,0,0
