2.0,470.0,650.0,11893,IMP T2 470X650 MM BLACK FL,0.0916,3.095199999998688e-05
2.0,500.0,750.0,9819,IMP (G) T2 500X750 MM BLACK,0.1453,0.00042368399999997974
2.0,500.0,980.0,12004,IMP T2 500X980 MM GREY,0.1862,4.127000000000991e-05
2.0,500.0,3000.0,20861,IMP T5 500X3000 MM BLACK,1.3005,1.0121000000000002
2.0,600.0,4000.0,12127,IMP T2 600X4000 MM BLACK PAKCO,0.8568,0.005800000000000027
2.0,600.0,4000.0,12127,IMP T2 600X4000 MM BLACK PAKCO,0.8568,0.005633333000000018
2.0,650.0,980.0,12197,IMP T2 650X980 MM GREY,0.2421,0.00015555600000000114
2.0,650.0,980.0,12197,IMP T2 650X980 MM GREY,0.2421,0.0007174269999999927
2.0,650.0,980.0,12198,IMP T2 650X980 MM GREY,0.24206,0.000161266000000021
2.0,650.0,980.0,12198,IMP T2 650X980 MM GREY,0.24206,4.461499999999785e-05
2.0,650.0,980.0,12197,IMP T2 650X980 MM GREY,0.2421,0.002276811999999989
2.0,650.0,980.0,12197,IMP T2 650X980 MM GREY,0.2421,0.0022612330000000014
2.0,650.0,980.0,12197,IMP T2 650X980 MM GREY,0.2421,0.002285965000000001
2.0,650.0,980.0,12198,IMP T2 650X980 MM GREY,0.24206,2.8749999999994058e-05
2.0,650.0,980.0,12198,IMP T2 650X980 MM GREY,0.24206,2.8553000000014483e-05
2.0,680.0,1080.0,12237,IMP T2 680X1080 MM GREY,0.28465300000000004,0.026582825000000032
2.0,690.0,980.0,12265,IMP T2 690X980 MM GREY,0.257,0.00011627899999999691
2.0,690.0,980.0,12265,IMP T2 690X980 MM GREY,0.257,0.00012574900000000833
2.0,690.0,980.0,12265,IMP T2 690X980 MM GREY,0.257,0.00466216199999997
2.0,690.0,980.0,12265,IMP T2 690X980 MM GREY,0.257,0.00031111100000003056
2.0,690.0,980.0,12265,IMP T2 690X980 MM GREY,0.257,0.0012277230000000139
2.0,690.0,980.0,12265,IMP T2 690X980 MM GREY,0.257,0.0030000000000000027
2.0,690.0,980.0,12265,IMP T2 690X980 MM GREY,0.257,0.0030000000000000027
2.0,730.0,2440.0,12306,IMP T2 730X2440 MM YELLOW,0.6768,0.010000000000000009
2.0,730.0,2440.0,12306,IMP T2 730X2440 MM YELLOW,0.6768,0.010000000000000009
2.0,800.0,4000.0,12376,IMP T2 800X4000 MM BLACK PAKCO,1.1424,0.010066667000000029
2.0,800.0,4000.0,12376,IMP T2 800X4000 MM BLACK PAKCO,1.1424,0.010233332999999956
2.0,810.0,1920.0,12390,IMP T2 810X1920 MM GREY V2,0.591,0.009571428999999965
2.0,900.0,1800.0,12431,IMP T2 900X1800 MM BLUE,0.6609,0.01090000000000002
2.0,900.0,1800.0,12432,IMP T2 900X1800 MM BLUE,0.7435,0.018500000000000072
2.0,900.0,2200.0,29210,IMP T2 900X2200 MMBLACK PACKOR,0.70686,0.0041825810000000185
2.0,900.0,3000.0,12433,IMP T2 900X3000 MM BLACK FLUTE,0.81,0.009999999999999898
2.0,900.0,3000.0,12433,IMP T2 900X3000 MM BLACK FLUTE,0.81,0.009473684000000038
2.0,900.0,3000.0,12433,IMP T2 900X3000 MM BLACK FLUTE,0.81,0.02389999999999992
2.0,900.0,3000.0,12433,IMP T2 900X3000 MM BLACK FLUTE,0.81,0.22018181800000003
2.0,900.0,3000.0,12433,IMP T2 900X3000 MM BLACK FLUTE,0.81,0.012571428999999967
2.0,930.0,2230.0,12468,IMP T2 930X2230 MM BLACK FLUTE,0.7403,0.008299999999999974
2.0,1000.0,750.0,11038,IMP T2 1000X750 MM RED,0.2907,0.0006342110000000512
2.0,1000.0,750.0,11008,IMP T2 1000X750 MM BLACK,0.3,0.0021424439999999656
2.0,1000.0,750.0,9776,IMP (G) T2 1000X750 MM WHITE,0.285,0.0018550720000000132
2.0,1000.0,750.0,11038,IMP T2 1000X750 MM RED,0.2907,0.0006200000000000094
2.0,1000.0,770.0,28790,IMP (G) T2 1000X770 MM BLACK,0.298452,0.003981411999999962
2.0,1000.0,770.0,28790,IMP (G) T2 1000X770 MM BLACK,0.298452,0.0054967019999999644
2.0,1000.0,770.0,28790,IMP (G) T2 1000X770 MM BLACK,0.298452,0.0006519999999999859
2.0,1000.0,770.0,28790,IMP (G) T2 1000X770 MM BLACK,0.298452,0.0008223700000000167
2.0,1000.0,1500.0,16405,IMP T3.4 1000X1500 MM WHITE,0.5814,0.0038000000000000256
2.0,1000.0,1500.0,16405,IMP T3.4 1000X1500 MM WHITE,0.5814,0.0050000000000000044
2.0,1000.0,1500.0,16405,IMP T3.4 1000X1500 MM WHITE,0.5814,0.0031307689999999777
2.0,1000.0,1500.0,16405,IMP T3.4 1000X1500 MM WHITE,0.5814,0.0050000000000000044
2.0,1000.0,1500.0,16405,IMP T3.4 1000X1500 MM WHITE,0.5814,0.005400000000000071
2.0,1000.0,1500.0,16405,IMP T3.4 1000X1500 MM WHITE,0.5814,0.003118750000000059
2.0,1000.0,1800.0,12561,IMP T2.5 1000X1800 MM BLACK,0.6426,0.0025999999999999357
2.0,1100.0,1700.0,11109,IMP T2 1100X1700 MM BLACK PACK,0.561,0.008799999999999919
2.0,1100.0,1700.0,11109,IMP T2 1100X1700 MM BLACK PACK,0.561,0.018999999999999906
2.0,1100.0,1700.0,11109,IMP T2 1100X1700 MM BLACK PACK,0.561,0.01766666699999997
2.0,1220.0,1700.0,11169,IMP T2 1220X1700 MM BLACK PACK,0.6222,0.006066667000000026
2.0,1220.0,1700.0,11169,IMP T2 1220X1700 MM BLACK PACK,0.6222,0.006199999999999983
2.0,1220.0,1830.0,11174,IMP T2 1220X1830 MM BLACK PACK,0.797038,0.005037999999999987
2.0,1220.0,1830.0,11174,IMP T2 1220X1830 MM BLACK PACK,0.797038,0.004019817999999953
2.0,1220.0,1830.0,11174,IMP T2 1220X1830 MM BLACK PACK,0.797038,0.004310727000000014
2.0,1220.0,1830.0,11174,IMP T2 1220X1830 MM BLACK PACK,0.797038,0.0041289090000000694
2.0,1220.0,1830.0,11174,IMP T2 1220X1830 MM BLACK PACK,0.797038,0.0041289090000000694
2.0,1220.0,1830.0,11174,IMP T2 1220X1830 MM BLACK PACK,0.797038,0.004114923000000048
2.0,1220.0,1830.0,11174,IMP T2 1220X1830 MM BLACK PACK,0.797038,0.004149110999999928
2.0,1220.0,1830.0,11174,IMP T2 1220X1830 MM BLACK PACK,0.797038,0.004180857000000038
2.0,1220.0,1830.0,11174,IMP T2 1220X1830 MM BLACK PACK,0.797038,0.004121332999999949
2.0,1220.0,1830.0,11171,IMP T2 1220X1830 MM BLACK FL,0.7814,0.007171429000000118
2.0,1220.0,1830.0,11174,IMP T2 1220X1830 MM BLACK PACK,0.797038,0.003961077000000035
2.0,1220.0,2440.0,11197,IMP T2 1220X2440 MM BLACK PACK,1.062718,0.008291770000000032
2.0,1220.0,2440.0,11197,IMP T2 1220X2440 MM BLACK PACK,1.062718,0.00805133300000005
2.0,1220.0,2440.0,11197,IMP T2 1220X2440 MM BLACK PACK,1.062718,0.008318000000000048
2.0,1220.0,2440.0,11197,IMP T2 1220X2440 MM BLACK PACK,1.062718,0.00828321700000001
2.0,1220.0,2440.0,11197,IMP T2 1220X2440 MM BLACK PACK,1.062718,0.008218000000000059
2.0,1220.0,2440.0,11197,IMP T2 1220X2440 MM BLACK PACK,1.062718,0.008241810000000127
2.0,1220.0,2440.0,11197,IMP T2 1220X2440 MM BLACK PACK,1.062718,0.008266387000000153
2.0,1220.0,2440.0,11197,IMP T2 1220X2440 MM BLACK PACK,1.062718,0.008468000000000142
2.0,1220.0,2440.0,11197,IMP T2 1220X2440 MM BLACK PACK,1.062718,0.008109304000000206
2.0,1220.0,2440.0,11197,IMP T2 1220X2440 MM BLACK PACK,1.062718,0.008146570999999936
2.0,1250.0,1500.0,9432,IB T2.5 1250X1500 380 WHITE ,0.713,0.006450000000000067
2.0,1250.0,1500.0,9781,IMP (G) T2 1250X1500 MM BLACK,0.7267,0.006700000000000039
2.0,1250.0,1500.0,9781,IMP (G) T2 1250X1500 MM BLACK,0.7267,0.006700000000000039
2.0,1250.0,1500.0,9781,IMP (G) T2 1250X1500 MM BLACK,0.7267,0.0062312500000000215
2.0,1250.0,1500.0,9781,IMP (G) T2 1250X1500 MM BLACK,0.7267,0.006700000000000039
2.0,1250.0,1500.0,9781,IMP (G) T2 1250X1500 MM BLACK,0.7267,0.006800000000000028
2.0,1250.0,1500.0,9781,IMP (G) T2 1250X1500 MM BLACK,0.7267,0.006700000000000039
2.0,1250.0,1500.0,9432,IB T2.5 1250X1500 380 WHITE ,0.713,0.006807692000000087
2.0,1250.0,1500.0,9432,IB T2.5 1250X1500 380 WHITE ,0.713,0.006833332999999997
2.0,1250.0,1500.0,9781,IMP (G) T2 1250X1500 MM BLACK,0.7267,0.006700000000000039
2.0,1250.0,1500.0,9781,IMP (G) T2 1250X1500 MM BLACK,0.7267,0.006700000000000039
2.0,1250.0,1500.0,9781,IMP (G) T2 1250X1500 MM BLACK,0.7267,0.006700000000000039
2.0,1250.0,1500.0,9781,IMP (G) T2 1250X1500 MM BLACK,0.7267,0.006700000000000039
2.0,1250.0,1500.0,9494,IB T3.0 1250X1500 BLUE 85077A,0.855,0.0030000000000000027
2.0,1300.0,2600.0,12588,IMP T2.5 1300X2600 MM BLACK,1.20666,0.010344211000000048
2.0,1300.0,3600.0,11405,IMP T2 1300X3600MM BLACK FLUTE,1.432,0.0051000000000001044
2.0,1400.0,3600.0,11420,IMP T2 1400X3600MM BLACK FLUTE,1.5119999999999998,0.0132000000000001
2.0,1450.0,2300.0,11433,IMP T2 1450X2300 MM BLACK,1.292646,0.021245999999999876
2.0,1450.0,2300.0,11433,IMP T2 1450X2300 MM BLACK,1.292646,0.022645999999999944
2.0,1450.0,2300.0,11433,IMP T2 1450X2300 MM BLACK,1.292646,0.019426280000000018
2.0,1450.0,2300.0,11433,IMP T2 1450X2300 MM BLACK,1.292646,0.022645999999999944
2.0,1590.0,1090.0,9788,IMP (G) T2 1590X1090 MM BLACK,0.6717489999999999,0.009748999999999897
2.0,1620.0,3600.0,11453,IMP T2 1620X3600MM BLACK FLUTE,1.7619999999999998,0.0018000000000002458
2.0,1780.0,3600.0,11458,IMP T2 1780X3600MM BLACK FLUTE,1.9609999999999999,0.023599999999999843
2.0,2000.0,2000.0,11502,IMP T2 2000X2000 MM BLUE,1.52,0.022699999999999942
2.0,2000.0,2000.0,11502,IMP T2 2000X2000 MM BLUE,1.52,0.022499999999999964
2.0,2000.0,2000.0,11502,IMP T2 2000X2000 MM BLUE,1.52,0.010937500000000044
2.0,2000.0,2000.0,11502,IMP T2 2000X2000 MM BLUE,1.52,0.01817567600000003
2.0,2000.0,3000.0,29187,IMP T2 2000X3000 MM YELLOW,2.3256,0.012266667000000009
2.0,2000.0,3000.0,29187,IMP T2 2000X3000 MM YELLOW,2.3256,0.015266667000000123
2.0,2000.0,3000.0,29187,IMP T2 2000X3000 MM YELLOW,2.3256,0.011816216000000157
2.0,2000.0,3000.0,29187,IMP T2 2000X3000 MM YELLOW,2.3256,0.012028571000000099
2.0,2000.0,3000.0,29187,IMP T2 2000X3000 MM YELLOW,2.3256,0.012073430000000052
2.0,2000.0,3000.0,9893,IMP (G) T3 2000X3000 MM BLACK,2.907,0.017326086999999823
2.0,2000.0,3000.0,29187,IMP T2 2000X3000 MM YELLOW,2.3256,0.013100000000000112
2.0,2000.0,3000.0,29187,IMP T2 2000X3000 MM YELLOW,2.3256,0.012051613000000128
2.0,2000.0,3000.0,29187,IMP T2 2000X3000 MM YELLOW,2.3256,0.011753845999999957
2.0,2000.0,3000.0,29187,IMP T2 2000X3000 MM YELLOW,2.3256,0.011849999999999916
2.0,2000.0,3000.0,29187,IMP T2 2000X3000 MM YELLOW,2.3256,0.01182222200000016
2.0,2000.0,3000.0,29187,IMP T2 2000X3000 MM YELLOW,2.3256,0.012266667000000009
2.0,2000.0,3000.0,9794,IMP (G) T2 2000X3000 MM YELLOW,2.28,0.020000000000000018
2.0,2000.0,3000.0,29187,IMP T2 2000X3000 MM YELLOW,2.3256,0.012266667000000009
2.0,2000.0,3000.0,29187,IMP T2 2000X3000 MM YELLOW,2.3256,0.01208148100000006
2.0,2000.0,3000.0,29187,IMP T2 2000X3000 MM YELLOW,2.3256,0.011800000000000033
2.0,2000.0,3000.0,29187,IMP T2 2000X3000 MM YELLOW,2.3256,0.011742856999999773
2.0,2000.0,3000.0,29187,IMP T2 2000X3000 MM YELLOW,2.3256,0.012599999999999945
2.0,2000.0,3000.0,29187,IMP T2 2000X3000 MM YELLOW,2.3256,0.011849999999999916
2.0,2000.0,3000.0,29187,IMP T2 2000X3000 MM YELLOW,2.3256,0.011800000000000033
2.0,2000.0,3000.0,29187,IMP T2 2000X3000 MM YELLOW,2.3256,0.012138461999999794
2.0,2000.0,3000.0,29187,IMP T2 2000X3000 MM YELLOW,2.3256,0.0038608700000000162
2.0,2000.0,3000.0,29187,IMP T2 2000X3000 MM YELLOW,2.3256,0.012599999999999945
2.0,2000.0,3000.0,29187,IMP T2 2000X3000 MM YELLOW,2.3256,0.011800000000000033
2.0,2000.0,3000.0,9794,IMP (G) T2 2000X3000 MM YELLOW,2.28,0.020000000000000018
2.0,2000.0,3000.0,29187,IMP T2 2000X3000 MM YELLOW,2.3256,0.01716249999999997
2.0,2000.0,3000.0,29187,IMP T2 2000X3000 MM YELLOW,2.3256,0.016850000000000254
2.0,2000.0,6000.0,11558,IMP T2 2000X6000 MM WHITE,4.6512,0.05853333300000063
2.0,2100.0,6500.0,11590,IMP T2 2100X6500 MM BLACK FL,4.095,0.022446808999999845
2.0,2100.0,6500.0,11590,IMP T2 2100X6500 MM BLACK FL,4.095,0.01814387200000045
2.0,2100.0,6500.0,11590,IMP T2 2100X6500 MM BLACK FL,4.095,0.014465648999999914
2.0,2100.0,6500.0,11590,IMP T2 2100X6500 MM BLACK FL,4.095,0.04025179899999998
2.0,2100.0,6500.0,11590,IMP T2 2100X6500 MM BLACK FL,4.095,0.2810240959999999
2.0,2100.0,6500.0,11590,IMP T2 2100X6500 MM BLACK FL,4.095,0.060268816999999864
2.0,2100.0,6500.0,11590,IMP T2 2100X6500 MM BLACK FL,4.095,0.02218750000000025
2.0,2100.0,6500.0,11590,IMP T2 2100X6500 MM BLACK FL,4.095,0.03400390600000058
2.0,2500.0,900.0,29160,IMP (PCR) T2 2500X900 MM WHITE,0.80325,0.01594767400000008
2.0,2500.0,900.0,29160,IMP (PCR) T2 2500X900 MM WHITE,0.80325,0.01599725299999999
2.0,2500.0,3000.0,29660,IMP (G) T2 2500X3000 MM GREY (380 GSM),2.907,0.016999999999999904
2.0,2500.0,3000.0,29660,IMP (G) T2 2500X3000 MM GREY (380 GSM),2.907,0.016199999999999992
2.0,2500.0,3000.0,29660,IMP (G) T2 2500X3000 MM GREY (380 GSM),2.907,0.017120481999999715
2.0,2500.0,3000.0,29660,IMP (G) T2 2500X3000 MM GREY (380 GSM),2.907,0.016999999999999904
2.0,2500.0,3000.0,29660,IMP (G) T2 2500X3000 MM GREY (380 GSM),2.907,0.016999999999999904
2.0,2500.0,3000.0,29660,IMP (G) T2 2500X3000 MM GREY (380 GSM),2.907,0.016999999999999904
2.0,2500.0,3000.0,29660,IMP (G) T2 2500X3000 MM GREY (380 GSM),2.907,0.016999999999999904
2.0,2500.0,3000.0,29660,IMP (G) T2 2500X3000 MM GREY (380 GSM),2.907,0.016999999999999904
2.0,2500.0,3000.0,29660,IMP (G) T2 2500X3000 MM GREY (380 GSM),2.907,0.017149254000000003
2.0,2500.0,3000.0,29660,IMP (G) T2 2500X3000 MM GREY (380 GSM),2.907,0.01789385500000007
2.0,2500.0,3000.0,29660,IMP (G) T2 2500X3000 MM GREY (380 GSM),2.907,0.017300000000000093
2.0,2500.0,3000.0,29660,IMP (G) T2 2500X3000 MM GREY (380 GSM),2.907,0.017666666999999858
2.0,2500.0,3000.0,29660,IMP (G) T2 2500X3000 MM GREY (380 GSM),2.907,0.017666666999999858
2.0,2500.0,3000.0,29660,IMP (G) T2 2500X3000 MM GREY (380 GSM),2.907,0.019424241999999925
2.0,2500.0,3000.0,29660,IMP (G) T2 2500X3000 MM GREY (380 GSM),2.907,0.017192308000000267
2.0,2500.0,3000.0,29660,IMP (G) T2 2500X3000 MM GREY (380 GSM),2.907,0.01796774199999973
2.0,2500.0,3000.0,29660,IMP (G) T2 2500X3000 MM GREY (380 GSM),2.907,0.017526316000000097
2.0,2500.0,3000.0,29660,IMP (G) T2 2500X3000 MM GREY (380 GSM),2.907,0.01728037399999982
2.0,730.0,2440.0,12306,IMP T2 730X2440 MM YELLOW,0.6768,0.010000000000000009
2.0,1250.0,1500.0,9781,IMP (G) T2 1250X1500 MM BLACK,0.7267,0.006700000000000039
2.0,1250.0,1500.0,9781,IMP (G) T2 1250X1500 MM BLACK,0.7267,0.006800000000000028
2.0,2000.0,3000.0,9893,IMP (G) T3 2000X3000 MM BLACK,2.907,0.017192308000000267
2.0,2500.0,3000.0,29660,IMP (G) T2 2500X3000 MM GREY (380 GSM),2.907,0.017223641999999817
2.0,2500.0,3000.0,29660,IMP (G) T2 2500X3000 MM GREY (380 GSM),2.907,0.016999999999999904
2.0,2500.0,3000.0,29660,IMP (G) T2 2500X3000 MM GREY (380 GSM),2.907,0.016999999999999904
2.0,2500.0,3000.0,14421,IMP T3 2500X3000 MM BLACK,1.071,0.35065601999999996
2.5,500.0,800.0,12618,IMP T2.5 500X800 MM BLACK,0.18,0.003968254000000004
2.5,835.0,1800.0,22618,IMP-G T2.5 835X1800 MM BLACK,0.5365,0.0016428569999999976
2.5,835.0,1800.0,22618,IMP-G T2.5 835X1800 MM BLACK,0.5365,0.0013073389999999074
2.5,835.0,2400.0,12633,IMP T2.5 835X2400 MM BLACK,0.715428,0.004261332999999978
2.5,835.0,3600.0,22619,IMP-G T2.5 835X3600 MM BLACK,1.0731,0.009068749999999959
2.5,1000.0,1800.0,12561,IMP T2.5 1000X1800 MM BLACK,0.6426,0.00448612100000001
2.5,1000.0,1800.0,12561,IMP T2.5 1000X1800 MM BLACK,0.6426,0.0025999999999999357
2.5,1000.0,3600.0,12562,IMP T2.5 1000X3600 MM BLACK,1.2852,0.015709803999999883
2.5,1000.0,3600.0,12562,IMP T2.5 1000X3600 MM BLACK,1.2852,0.015856933999999878
2.5,1500.0,1500.0,12589,IMP T2.5 1500X1500 MM BLACK,0.9,0.008666666999999961
2.5,1500.0,1500.0,12589,IMP T2.5 1500X1500 MM BLACK,0.9,0.02012499999999995
2.7,1220.0,1830.0,12653,IMP T2.7 1220X1830 MM BLACK PC,0.8653559999999999,0.004689332999999851
2.7,1220.0,1830.0,12653,IMP T2.7 1220X1830 MM BLACK PC,0.8653559999999999,0.004467110999999857
2.7,1220.0,1830.0,12653,IMP T2.7 1220X1830 MM BLACK PC,0.8653559999999999,0.004467110999999857
2.7,1220.0,1830.0,12653,IMP T2.7 1220X1830 MM BLACK PC,0.8653559999999999,0.004498856999999967
2.7,1220.0,1830.0,11174,IMP T2 1220X1830 MM BLACK PACK,0.797038,0.004062389999999971
2.7,1220.0,2440.0,11197,IMP T2 1220X2440 MM BLACK PACK,1.062718,0.008468000000000142
2.7,1220.0,2440.0,12659,IMP T2.7 1220X2440 MM BLACK PC,1.153807,0.00880700000000001
2.7,1220.0,2440.0,12659,IMP T2.7 1220X2440 MM BLACK PC,1.153807,0.008740332999999989
2.7,1220.0,2440.0,12659,IMP T2.7 1220X2440 MM BLACK PC,1.153807,0.008716090999999926
2.7,1220.0,2440.0,11197,IMP T2 1220X2440 MM BLACK PACK,1.062718,0.008402210999999937
2.7,1220.0,1830.0,11174,IMP T2 1220X1830 MM BLACK PACK,0.797038,0.004101829999999973
2.7,1220.0,1830.0,11174,IMP T2 1220X1830 MM BLACK PACK,0.797038,0.007037999999999989
2.7,1220.0,1830.0,12653,IMP T2.7 1220X1830 MM BLACK PC,0.8653559999999999,0.004467110999999857
3.0,270.0,785.0,14578,IMP T3 270X785 MM D.BROWN,0.1007,0.001799999999999996
3.0,480.0,785.0,15082,IMP T3 480X785 MM D.BROWN,0.179,0.00020000000000000573
3.0,480.0,785.0,15082,IMP T3 480X785 MM D.BROWN,0.179,0.0010444440000000055
3.0,480.0,785.0,15082,IMP T3 480X785 MM D.BROWN,0.179,0.00039473699999997836
3.0,490.0,1340.0,15087,IMP T3 490X1340 MM BLACK FLUTE,0.3283,0.003954902000000038
3.0,490.0,1340.0,15087,IMP T3 490X1340 MM BLACK FLUTE,0.3283,0.005706142999999997
3.0,500.0,750.0,15242,IMP T3 500X750 MM BLUE,0.1817,0.00047391300000002023
3.0,500.0,750.0,9965,IMP (G) T3 500X750 MM BLUE,0.18,0.00033557000000000725
3.0,500.0,750.0,9965,IMP (G) T3 500X750 MM BLUE,0.18,0.0004642860000000082
3.0,500.0,750.0,15242,IMP T3 500X750 MM BLUE,0.1817,0.0004875000000000018
3.0,500.0,750.0,15242,IMP T3 500X750 MM BLUE,0.1817,0.0005666669999999929
3.0,500.0,750.0,9965,IMP (G) T3 500X750 MM BLUE,0.18,0.00035294100000002326
3.0,500.0,750.0,15242,IMP T3 500X750 MM BLUE,0.1817,0.00046666700000000394
3.0,500.0,750.0,9965,IMP (G) T3 500X750 MM BLUE,0.18,0.0007692310000000091
3.0,500.0,750.0,15242,IMP T3 500X750 MM BLUE,0.1817,0.0005039470000000046
3.0,500.0,750.0,15242,IMP T3 500X750 MM BLUE,0.1817,0.0005622949999999904
3.0,500.0,750.0,15242,IMP T3 500X750 MM BLUE,0.1817,0.00046190500000001244
3.0,500.0,750.0,9965,IMP (G) T3 500X750 MM BLUE,0.18,0.00041666700000000945
3.0,500.0,750.0,15242,IMP T3 500X750 MM BLUE,0.1817,0.00045311000000000656
3.0,500.0,750.0,9747,IMP (E-COMMERCE) T3 500X750 MM,0.1781,3.442600000003182e-05
3.0,500.0,750.0,9747,IMP (E-COMMERCE) T3 500X750 MM,0.1781,3.548400000000229e-05
3.0,500.0,750.0,9747,IMP (E-COMMERCE) T3 500X750 MM,0.1781,2.156899999999906e-05
3.0,520.0,1280.0,15391,IMP T3 520X1280 MM BLACK FLUTE,0.3328,0.005646602000000056
3.0,590.0,1340.0,15569,IMP T3 590X1340 MM BLACK FLUTE,0.3953,0.006284157999999984
3.0,630.0,930.0,16352,IMP T3.3 630X930 MM YELLOW,0.322245,0.00012260099999999996
3.0,630.0,930.0,16350,IMP T3.3 630X930 MM WHITE113T,0.3287,0.0017181179999999907
3.0,630.0,930.0,16350,IMP T3.3 630X930 MM WHITE113T,0.3287,0.0016767439999999523
3.0,630.0,930.0,16350,IMP T3.3 630X930 MM WHITE113T,0.3287,7.34490000000032e-05
3.0,680.0,680.0,15783,IMP T3 680X680 MM D.BROWN,0.2197,7.304999999999118e-05
3.0,750.0,750.0,15905,IMP T3 750X750 MM BLUE,0.2672,0.086047458
3.0,785.0,480.0,15082,IMP T3 480X785 MM D.BROWN,0.179,0.004483871
3.0,785.0,785.0,15935,IMP T3 785X785 MM D.BROWN,0.2927,2.0000000000020002e-05
3.0,785.0,785.0,15935,IMP T3 785X785 MM D.BROWN,0.2927,0.0025993349999999804
3.0,785.0,785.0,15935,IMP T3 785X785 MM D.BROWN,0.2927,3.7017000000028055e-05
3.0,785.0,785.0,15935,IMP T3 785X785 MM D.BROWN,0.2927,8.709699999998044e-05
3.0,785.0,785.0,15935,IMP T3 785X785 MM D.BROWN,0.2927,2.8918000000044408e-05
3.0,800.0,5800.0,29211,IMP T2.5 800X5800 MM BLACK PC,1.65648,0.017229999999999857
3.0,835.0,1800.0,22618,IMP-G T2.5 835X1800 MM BLACK,0.5365,0.004804347999999958
3.0,835.0,1800.0,22618,IMP-G T2.5 835X1800 MM BLACK,0.5365,0.0015693070000000198
3.0,835.0,1800.0,22618,IMP-G T2.5 835X1800 MM BLACK,0.5365,0.0015625000000000222
3.0,835.0,1800.0,22618,IMP-G T2.5 835X1800 MM BLACK,0.5365,0.0015625000000000222
3.0,835.0,2400.0,12633,IMP T2.5 835X2400 MM BLACK,0.715428,0.004132544999999932
3.0,835.0,3600.0,22619,IMP-G T2.5 835X3600 MM BLACK,1.0731,0.009909524000000003
3.0,835.0,3600.0,22619,IMP-G T2.5 835X3600 MM BLACK,1.0731,0.014803703999999973
3.0,835.0,3600.0,12634,IMP T2.5 835X3600 MM BLACK,1.073142,0.465098
3.0,835.0,3600.0,22619,IMP-G T2.5 835X3600 MM BLACK,1.0731,0.009435877999999898
3.0,835.0,3600.0,22619,IMP-G T2.5 835X3600 MM BLACK,1.0731,0.008909524000000113
3.0,835.0,3600.0,22619,IMP-G T2.5 835X3600 MM BLACK,1.0731,0.008912499999999879
3.0,900.0,1800.0,12431,IMP T2 900X1800 MM BLUE,0.6609,0.0040999999999999925
3.0,900.0,1800.0,12432,IMP T2 900X1800 MM BLUE,0.7435,0.013500000000000068
3.0,900.0,1800.0,16084,IMP T3 900X1800 MM BLUE,0.8262,0.011200000000000099
3.0,930.0,630.0,16350,IMP T3.3 630X930 MM WHITE113T,0.3287,0.002366666999999989
3.0,930.0,630.0,15697,IMP T3 630X930 MM GREY V2,0.293,0.002133531000000022
3.0,930.0,630.0,15697,IMP T3 630X930 MM GREY V2,0.293,0.003910891000000027
3.0,930.0,630.0,16350,IMP T3.3 630X930 MM WHITE113T,0.3287,0.0001222700000000354
3.0,930.0,630.0,16350,IMP T3.3 630X930 MM WHITE113T,0.3287,0.00032173899999998756
3.0,930.0,1230.0,16255,IMP T3.3 1230X930 MM WHITE 113,0.6291,0.005769565000000032
3.0,930.0,1250.0,16302,IMP T3.3 1250X930 MM WHITE 113,0.6394,0.015933332999999994
3.0,945.0,1860.0,16145,IMP T3 945X1860 MM WHITE,0.8964,0.01811428599999987
3.0,945.0,1860.0,16145,IMP T3 945X1860 MM WHITE,0.8964,0.01768000000000003
3.0,945.0,1860.0,16145,IMP T3 945X1860 MM WHITE,0.8964,0.12314545500000007
3.0,945.0,1860.0,16145,IMP T3 945X1860 MM WHITE,0.8964,0.018399999999999972
3.0,1000.0,750.0,9853,IMP (G) T3 1000X750 MM WHITE,0.3633,0.0006631839999999833
3.0,1000.0,750.0,9853,IMP (G) T3 1000X750 MM WHITE,0.3633,0.0007509800000000122
3.0,1000.0,750.0,9853,IMP (G) T3 1000X750 MM WHITE,0.3633,0.0006599999999999939
3.0,1000.0,750.0,9853,IMP (G) T3 1000X750 MM WHITE,0.3633,0.0007000000000000339
3.0,1000.0,750.0,9853,IMP (G) T3 1000X750 MM WHITE,0.3633,0.0006684210000000301
3.0,1000.0,750.0,9853,IMP (G) T3 1000X750 MM WHITE,0.3633,0.0006333329999999582
3.0,1000.0,750.0,9853,IMP (G) T3 1000X750 MM WHITE,0.3633,0.0005999999999999894
3.0,1000.0,750.0,9853,IMP (G) T3 1000X750 MM WHITE,0.3633,0.000652941000000018
3.0,1000.0,750.0,9853,IMP (G) T3 1000X750 MM WHITE,0.3633,0.0006267329999999904
3.0,1000.0,750.0,9853,IMP (G) T3 1000X750 MM WHITE,0.3633,0.0005499999999999949
3.0,1000.0,750.0,9853,IMP (G) T3 1000X750 MM WHITE,0.3633,0.0005972970000000521
3.0,1000.0,750.0,9853,IMP (G) T3 1000X750 MM WHITE,0.3633,0.0005380950000000162
3.0,1000.0,750.0,9853,IMP (G) T3 1000X750 MM WHITE,0.3633,0.003300000000000025
3.0,1000.0,750.0,9853,IMP (G) T3 1000X750 MM WHITE,0.3633,0.00045447200000003907
3.0,1000.0,1500.0,9832,IMP (G) T3 1000X1500 MM PINK,0.7267,0.0014142859999999313
3.0,1000.0,1500.0,9834,IMP (G) T3 1000X1500 MM BLACK,0.7125,0.004197530999999977
3.0,1000.0,1500.0,9832,IMP (G) T3 1000X1500 MM PINK,0.7267,0.005918749999999973
3.0,1000.0,1500.0,9832,IMP (G) T3 1000X1500 MM PINK,0.7267,0.005533333000000029
3.0,1000.0,1500.0,9832,IMP (G) T3 1000X1500 MM PINK,0.7267,0.006299999999999972
3.0,1000.0,1500.0,9832,IMP (G) T3 1000X1500 MM PINK,0.7267,0.0039000000000000146
3.0,1000.0,1500.0,9834,IMP (G) T3 1000X1500 MM BLACK,0.7125,0.0
3.0,1000.0,1500.0,9832,IMP (G) T3 1000X1500 MM PINK,0.7267,0.006083562000000042
3.0,1000.0,1500.0,9832,IMP (G) T3 1000X1500 MM PINK,0.7267,0.0062833329999999465
3.0,1000.0,1500.0,9832,IMP (G) T3 1000X1500 MM PINK,0.7267,0.0037000000000000366
3.0,1000.0,1500.0,9832,IMP (G) T3 1000X1500 MM PINK,0.7267,0.00616808499999999
3.0,1000.0,1500.0,9832,IMP (G) T3 1000X1500 MM PINK,0.7267,0.008419999999999983
3.0,1000.0,1500.0,9832,IMP (G) T3 1000X1500 MM PINK,0.7267,0.005967240999999901
3.0,1000.0,1500.0,9832,IMP (G) T3 1000X1500 MM PINK,0.7267,0.006099999999999994
3.0,1000.0,1500.0,9832,IMP (G) T3 1000X1500 MM PINK,0.7267,0.006700000000000039
3.0,1000.0,1500.0,9832,IMP (G) T3 1000X1500 MM PINK,0.7267,0.005939130000000015
3.0,1000.0,1500.0,9832,IMP (G) T3 1000X1500 MM PINK,0.7267,0.005900000000000016
3.0,1000.0,1500.0,9832,IMP (G) T3 1000X1500 MM PINK,0.7267,0.003972727000000065
3.0,1000.0,1500.0,9832,IMP (G) T3 1000X1500 MM PINK,0.7267,0.005450000000000066
3.0,1000.0,1500.0,9832,IMP (G) T3 1000X1500 MM PINK,0.7267,0.005950162000000092
3.0,1000.0,1500.0,9832,IMP (G) T3 1000X1500 MM PINK,0.7267,0.0035539329999999536
3.0,1000.0,1500.0,9832,IMP (G) T3 1000X1500 MM PINK,0.7267,0.0037000000000000366
3.0,1000.0,1500.0,9832,IMP (G) T3 1000X1500 MM PINK,0.7267,0.001601960999999985
3.0,1000.0,1500.0,9487,IB T3.0 1000X1500 475 BLUE,0.713,0.004971697999999969
3.0,1000.0,2000.0,12923,IMP T3 1000X2000 MM WHITE 113T,1.0,0.008000000000000007
3.0,1000.0,2000.0,12905,IMP T3 1000X2000 MM BLACK,1.122,0.006000000000000005
3.0,1000.0,2000.0,12923,IMP T3 1000X2000 MM WHITE 113T,1.0,0.008000000000000007
3.0,1000.0,2000.0,12905,IMP T3 1000X2000 MM BLACK,1.122,0.006000000000000005
3.0,1000.0,3600.0,12562,IMP T2.5 1000X3600 MM BLACK,1.2852,0.021934694000000032
3.0,1000.0,3600.0,12562,IMP T2.5 1000X3600 MM BLACK,1.2852,0.012151826999999837
3.0,1000.0,3600.0,12562,IMP T2.5 1000X3600 MM BLACK,1.2852,0.01221834899999985
3.0,1000.0,3600.0,12562,IMP T2.5 1000X3600 MM BLACK,1.2852,0.010996177999999857
3.0,1000.0,3600.0,12562,IMP T2.5 1000X3600 MM BLACK,1.2852,0.012011593999999848
3.0,1080.0,1800.0,12564,IMP T2.5 1080X1800 MM BLACK,0.694008,0.0029520990000000413
3.0,1160.0,640.0,13227,IMP T3 1160X640 MM BLACK,0.3341,0.006614286000000025
3.0,1200.0,1400.0,13255,IMP T3 1200X1400 MM BLUE,0.7979999999999999,0.014500000000000068
3.0,1200.0,1400.0,13255,IMP T3 1200X1400 MM BLUE,0.7979999999999999,0.014500000000000068
3.0,1200.0,1400.0,13255,IMP T3 1200X1400 MM BLUE,0.7979999999999999,0.008875000000000077
3.0,1200.0,1400.0,13255,IMP T3 1200X1400 MM BLUE,0.7979999999999999,0.008944444000000162
3.0,1220.0,870.0,13496,IMP T3 1220X870 MM WHITE 113T,0.5413140000000001,0.002019332999999901
3.0,1220.0,1830.0,13368,IMP T3 1220X1830 MM WHITE LC,1.138626,0.006125999999999854
3.0,1220.0,1830.0,13368,IMP T3 1220X1830 MM WHITE LC,1.138626,0.005890150999999788
3.0,1220.0,1830.0,13368,IMP T3 1220X1830 MM WHITE LC,1.138626,0.005725999999999898
3.0,1220.0,1830.0,13368,IMP T3 1220X1830 MM WHITE LC,1.138626,0.0059593329999998446
3.0,1220.0,1830.0,13367,IMP T3 1220X1830 MM WHITE LC,1.0247629999999999,0.005246870999999764
3.0,1220.0,1830.0,13368,IMP T3 1220X1830 MM WHITE LC,1.138626,0.005625999999999909
3.0,1220.0,1830.0,13367,IMP T3 1220X1830 MM WHITE LC,1.0247629999999999,0.005408160999999856
3.0,1220.0,1830.0,13367,IMP T3 1220X1830 MM WHITE LC,1.0247629999999999,0.005282480999999839
3.0,1220.0,1830.0,13368,IMP T3 1220X1830 MM WHITE LC,1.138626,0.0059593329999998446
3.0,1220.0,1830.0,13368,IMP T3 1220X1830 MM WHITE LC,1.138626,0.008626000000000023
3.0,1220.0,1830.0,13368,IMP T3 1220X1830 MM WHITE LC,1.138626,0.008626000000000023
3.0,1220.0,1830.0,13368,IMP T3 1220X1830 MM WHITE LC,1.138626,0.00576885699999985
3.0,1220.0,1830.0,13368,IMP T3 1220X1830 MM WHITE LC,1.138626,0.009021059000000164
3.0,1220.0,1830.0,13368,IMP T3 1220X1830 MM WHITE LC,1.138626,0.0069593329999999565
3.0,1220.0,1830.0,16571,IMP T3.5 1220X1830 MM WH 113T,1.33,0.027659574000000076
3.0,1220.0,1830.0,13367,IMP T3 1220X1830 MM WHITE LC,1.0247629999999999,0.005101982999999866
3.0,1220.0,1830.0,13367,IMP T3 1220X1830 MM WHITE LC,1.0247629999999999,0.005053697999999773
3.0,1220.0,1830.0,12653,IMP T2.7 1220X1830 MM BLACK PC,0.8653559999999999,0.004262321000000013
3.0,1220.0,1830.0,12653,IMP T2.7 1220X1830 MM BLACK PC,0.8653559999999999,0.0013559999999999128
3.0,1220.0,1830.0,13368,IMP T3 1220X1830 MM WHITE LC,1.138626,0.00576885699999985
3.0,1220.0,1830.0,13368,IMP T3 1220X1830 MM WHITE LC,1.138626,0.005549076999999958
3.0,1220.0,1830.0,12653,IMP T2.7 1220X1830 MM BLACK PC,0.8653559999999999,0.0009274289999999796
3.0,1220.0,1830.0,12653,IMP T2.7 1220X1830 MM BLACK PC,0.8653559999999999,0.004382454999999896
3.0,1220.0,1830.0,11174,IMP T2 1220X1830 MM BLACK PACK,0.797038,0.004238000000000075
3.0,1220.0,1830.0,13368,IMP T3 1220X1830 MM WHITE LC,1.138626,0.00597894099999996
3.0,1220.0,2440.0,13438,IMP T3 1220X2440 MM WHITE,1.5182,0.04859999999999998
3.0,1220.0,2440.0,13438,IMP T3 1220X2440 MM WHITE,1.5182,0.011771428999999944
3.0,1220.0,2440.0,13438,IMP T3 1220X2440 MM WHITE,1.5182,0.011782676999999797
3.0,1220.0,2440.0,13464,IMP T3 1220X2440 MM WHITE LC,1.366351,0.010694434000000141
3.0,1220.0,2440.0,13468,IMP T3 1220X2440 MM WHITE LM,1.49,0.013333333000000058
3.0,1220.0,2440.0,13464,IMP T3 1220X2440 MM WHITE LC,1.366351,0.010781380000000063
3.0,1220.0,2440.0,13438,IMP T3 1220X2440 MM WHITE,1.5182,0.012485714000000092
3.0,1220.0,2440.0,13438,IMP T3 1220X2440 MM WHITE,1.5182,0.011533333000000034
3.0,1220.0,2440.0,13438,IMP T3 1220X2440 MM WHITE,1.5182,0.011822449000000068
3.0,1220.0,2440.0,13396,IMP T3 1220X2440 MM BLUE,1.3395,0.013840658999999977
3.0,1220.0,2440.0,13464,IMP T3 1220X2440 MM WHITE LC,1.366351,0.010617054999999986
3.0,1220.0,2440.0,13464,IMP T3 1220X2440 MM WHITE LC,1.366351,0.010705839000000106
3.0,1220.0,2440.0,13438,IMP T3 1220X2440 MM WHITE,1.5182,0.011888888999999958
3.0,1220.0,2440.0,13438,IMP T3 1220X2440 MM WHITE,1.5182,0.0118363640000001
3.0,1220.0,2440.0,13438,IMP T3 1220X2440 MM WHITE,1.5182,0.00239540199999988
3.0,1220.0,2440.0,13438,IMP T3 1220X2440 MM WHITE,1.5182,0.011722726999999766
3.0,1220.0,2440.0,13464,IMP T3 1220X2440 MM WHITE LC,1.366351,0.010464924000000098
3.0,1220.0,2440.0,13464,IMP T3 1220X2440 MM WHITE LC,1.366351,0.010726000000000013
3.0,1220.0,2440.0,13438,IMP T3 1220X2440 MM WHITE,1.5182,0.011743306999999925
3.0,1220.0,2440.0,13438,IMP T3 1220X2440 MM WHITE,1.5182,0.012102438999999965
3.0,1220.0,2440.0,11195,IMP T2 1220X2440 MM BLACK FL,1.0418,0.023175000000000168
3.0,1220.0,2440.0,13464,IMP T3 1220X2440 MM WHITE LC,1.366351,0.01032158800000027
3.0,1220.0,2440.0,13464,IMP T3 1220X2440 MM WHITE LC,1.366351,0.011351000000000111
3.0,1220.0,2440.0,16574,IMP T3.5 1220X2440 MM WHITE113,1.786,0.019918366999999826
3.0,1220.0,2440.0,16574,IMP T3.5 1220X2440 MM WHITE113,1.786,0.02114285699999985
3.0,1220.0,2440.0,13464,IMP T3 1220X2440 MM WHITE LC,1.366351,0.010415516000000125
3.0,1220.0,2440.0,12659,IMP T2.7 1220X2440 MM BLACK PC,1.153807,0.008876767000000063
3.0,1220.0,2440.0,12659,IMP T2.7 1220X2440 MM BLACK PC,1.153807,0.008983471000000076
3.0,1220.0,2440.0,12659,IMP T2.7 1220X2440 MM BLACK PC,1.153807,0.009206999999999965
3.0,1220.0,2440.0,12659,IMP T2.7 1220X2440 MM BLACK PC,1.153807,0.005677968000000089
3.0,1220.0,2440.0,13438,IMP T3 1220X2440 MM WHITE,1.5182,0.011755556
3.0,1240.0,2465.0,12575,IMP T2.5 1240X2465 MM BLACK,1.091206,0.011428221999999932
3.0,1250.0,930.0,16302,IMP T3.3 1250X930 MM WHITE 113,0.6394,0.0046000000000000485
3.0,1250.0,930.0,16303,IMP T3.3 1250X930 MM WHITE 113,0.6393,2.330799999994415e-05
3.0,1250.0,930.0,16302,IMP T3.3 1250X930 MM WHITE 113,0.6394,0.016188234999999995
3.0,1250.0,1500.0,29695,IMP T3 1250X1500 MM BLUE(475 GSM),0.90014,0.0025070590000000337
3.0,1250.0,1500.0,9638,IB T4.8 1250X1500 850GSM,0.9,0.0
3.0,1250.0,1500.0,9781,IMP (G) T2 1250X1500 MM BLACK,0.7267,0.006700000000000039
3.0,1250.0,1500.0,9638,IB T4.8 1250X1500 850GSM,0.9,0.0
3.0,1250.0,1500.0,9638,IB T4.8 1250X1500 850GSM,0.9,0.0
3.0,1250.0,1500.0,9638,IB T4.8 1250X1500 850GSM,0.9,0.00018518499999997662
3.0,1250.0,1500.0,9638,IB T4.8 1250X1500 850GSM,0.9,0.0
3.0,1250.0,1500.0,9638,IB T4.8 1250X1500 850GSM,0.9,0.0
3.0,1250.0,1500.0,9638,IB T4.8 1250X1500 850GSM,0.9,0.0
3.0,1250.0,1500.0,9638,IB T4.8 1250X1500 850GSM,0.9,0.0
3.0,1250.0,1500.0,9638,IB T4.8 1250X1500 850GSM,0.9,0.0
3.0,1250.0,1500.0,9638,IB T4.8 1250X1500 850GSM,0.9,0.0
3.0,1250.0,1500.0,9638,IB T4.8 1250X1500 850GSM,0.9,0.0
3.0,1250.0,1500.0,9638,IB T4.8 1250X1500 850GSM,0.9,0.0
3.0,1250.0,1500.0,9638,IB T4.8 1250X1500 850GSM,0.9,0.0
3.0,1250.0,1500.0,9864,IMP (G) T3 1250X1500 MM BLACK,0.9084,0.0028736840000000985
3.0,1250.0,1500.0,9638,IB T4.8 1250X1500 850GSM,0.9,0.0
3.0,1250.0,1500.0,9638,IB T4.8 1250X1500 850GSM,0.9,0.0
3.0,1250.0,1500.0,9638,IB T4.8 1250X1500 850GSM,0.9,0.0
3.0,1250.0,1500.0,9638,IB T4.8 1250X1500 850GSM,0.9,0.0
3.0,1250.0,1500.0,9638,IB T4.8 1250X1500 850GSM,0.9,0.0
3.0,1250.0,1500.0,9638,IB T4.8 1250X1500 850GSM,0.9,0.0
3.0,1250.0,1500.0,9638,IB T4.8 1250X1500 850GSM,0.9,0.0
3.0,1250.0,1500.0,9638,IB T4.8 1250X1500 850GSM,0.9,0.0
3.0,1250.0,1500.0,9638,IB T4.8 1250X1500 850GSM,0.9,0.0
3.0,1250.0,1500.0,9638,IB T4.8 1250X1500 850GSM,0.9,0.0
3.0,1250.0,1500.0,9638,IB T4.8 1250X1500 850GSM,0.9,0.0
3.0,1250.0,1500.0,11251,IMP T2 1250x1500 350 GREY -,0.66,0.0
3.0,1250.0,1500.0,9734,IL T3.5 1250x1500 MM ORANGECL2,1.71,0.004999999999999893
3.0,1250.0,1500.0,9638,IB T4.8 1250X1500 850GSM,0.9,0.0
3.0,1250.0,1500.0,9638,IB T4.8 1250X1500 850GSM,0.9,0.0
3.0,1250.0,1500.0,9638,IB T4.8 1250X1500 850GSM,0.9,0.0
3.0,1250.0,1500.0,9638,IB T4.8 1250X1500 850GSM,0.9,0.0
3.0,1250.0,1500.0,9638,IB T4.8 1250X1500 850GSM,0.9,0.0
3.0,1250.0,1500.0,9638,IB T4.8 1250X1500 850GSM,0.9,0.0
3.0,1250.0,1500.0,16648,IMP T3.5 1250X1500 MM GREY,1.53,0.014000000000000012
3.0,1250.0,1860.0,13857,IMP T3 1250X1860 MM BLACK,1.1625,0.0016860470000001904
3.0,1250.0,1860.0,19225,IMP T5 1250X1860 MM WHITE LC,2.13435,2.5212055560000004
3.0,1250.0,1860.0,16291,IMP T3.3 1250X1860 MM WHITE,1.2788,0.006605404999999953
3.0,1250.0,1860.0,13857,IMP T3 1250X1860 MM BLACK,1.1625,0.00014705900000011596
3.0,1250.0,1860.0,13857,IMP T3 1250X1860 MM BLACK,1.1625,0.0059615379999999885
3.0,1250.0,1860.0,13857,IMP T3 1250X1860 MM BLACK,1.1625,0.01322254299999992
3.0,1250.0,1860.0,13857,IMP T3 1250X1860 MM BLACK,1.1625,0.00024359000000018227
3.0,1250.0,1860.0,16291,IMP T3.3 1250X1860 MM WHITE,1.2788,0.004892308000000067
3.0,1250.0,1860.0,16292,IMP T3.3 1250X1860 MM WHITE,1.27875,0.0003928570000000242
3.0,1250.0,1860.0,13857,IMP T3 1250X1860 MM BLACK,1.1625,0.000500000000000167
3.0,1250.0,2470.0,13876,IMP T3 1250X2470 MM WHITE 113T,1.5437,0.841890476
3.0,1250.0,2470.0,13877,IMP T3 1250X2470 MM WHITE 113T,1.5438,0.03672631599999998
3.0,1250.0,2470.0,13876,IMP T3 1250X2470 MM WHITE 113T,1.5437,1.0135113210000002
3.0,1250.0,2470.0,16294,IMP T3.3 1250X2470 MM WHITE ,1.6981,0.012781225999999979
3.0,1300.0,2600.0,12588,IMP T2.5 1300X2600 MM BLACK,1.20666,0.010260000000000158
3.0,1430.0,1500.0,9886,IMP (G) T3 1430X1500 MM WHITE,1.039252,0.02064088900000005
3.0,1430.0,1500.0,9886,IMP (G) T3 1430X1500 MM WHITE,1.039252,0.010601480999999913
3.0,2000.0,800.0,21851,IMP T5 800X2000 MM BLUE,1.4688,0.007018181999999706
3.0,2000.0,1200.0,11150,IMP T2 1200X2000 MM BLACK,0.912,0.08799999999999997
3.0,2000.0,1200.0,11150,IMP T2 1200X2000 MM BLACK,0.912,0.08799999999999997
3.0,2000.0,1400.0,11418,IMP T2 1400X2000 MM BLUE,1.0852,0.09079999999999999
3.0,2000.0,1600.0,17390,IMP T4 2000X1600 MM BLUE,2.176,0.8373333330000001
3.0,2000.0,2300.0,14231,IMP T3 2000X2300 MM BLACK,2.185,0.02950000000000008
3.0,2000.0,2300.0,14231,IMP T3 2000X2300 MM BLACK,2.185,0.028414634000000216
3.0,2000.0,3000.0,9893,IMP (G) T3 2000X3000 MM BLACK,2.907,0.015048779999999873
3.0,2000.0,3000.0,9893,IMP (G) T3 2000X3000 MM BLACK,2.907,0.013451612999999973
3.0,2000.0,3000.0,9893,IMP (G) T3 2000X3000 MM BLACK,2.907,0.014727273000000096
3.0,2000.0,3000.0,9893,IMP (G) T3 2000X3000 MM BLACK,2.907,0.015275861999999751
3.0,2000.0,3000.0,9893,IMP (G) T3 2000X3000 MM BLACK,2.907,0.021500000000000075
3.0,2000.0,3000.0,9893,IMP (G) T3 2000X3000 MM BLACK,2.907,0.02159999999999984
3.0,2000.0,3000.0,9893,IMP (G) T3 2000X3000 MM BLACK,2.907,0.016900000000000137
3.0,2000.0,3000.0,9893,IMP (G) T3 2000X3000 MM BLACK,2.907,0.01436111100000037
3.0,2000.0,3000.0,9893,IMP (G) T3 2000X3000 MM BLACK,2.907,0.01557142899999997
3.0,2000.0,3000.0,9893,IMP (G) T3 2000X3000 MM BLACK,2.907,0.022671641999999714
3.0,2000.0,3000.0,9893,IMP (G) T3 2000X3000 MM BLACK,2.907,0.01477777800000002
3.0,2000.0,3000.0,9893,IMP (G) T3 2000X3000 MM BLACK,2.907,0.02179999999999982
3.0,2000.0,3000.0,9893,IMP (G) T3 2000X3000 MM BLACK,2.907,0.015533333000000038
3.0,2000.0,3000.0,9893,IMP (G) T3 2000X3000 MM BLACK,2.907,0.015249999999999986
3.0,2000.0,3000.0,9893,IMP (G) T3 2000X3000 MM BLACK,2.907,0.015431373000000193
3.0,2000.0,3000.0,9893,IMP (G) T3 2000X3000 MM BLACK,2.907,0.015362368999999987
3.0,2000.0,3000.0,9893,IMP (G) T3 2000X3000 MM BLACK,2.907,0.015194443999999585
3.0,2000.0,3000.0,9893,IMP (G) T3 2000X3000 MM BLACK,2.907,0.014874016000000267
3.0,2000.0,3000.0,9893,IMP (G) T3 2000X3000 MM BLACK,2.907,0.015000000000000124
3.0,2000.0,3000.0,9893,IMP (G) T3 2000X3000 MM BLACK,2.907,0.016999999999999904
3.0,2000.0,3000.0,9893,IMP (G) T3 2000X3000 MM BLACK,2.907,0.015260870000000093
3.0,2000.0,3000.0,9893,IMP (G) T3 2000X3000 MM BLACK,2.907,0.01521428600000041
3.0,2000.0,3000.0,9893,IMP (G) T3 2000X3000 MM BLACK,2.907,0.016999999999999904
3.0,2000.0,3000.0,9893,IMP (G) T3 2000X3000 MM BLACK,2.907,0.015301887000000125
3.0,2000.0,3000.0,9893,IMP (G) T3 2000X3000 MM BLACK,2.907,0.014586206999999796
3.0,2000.0,3000.0,9893,IMP (G) T3 2000X3000 MM BLACK,2.907,0.015095238000000233
3.0,2000.0,3000.0,9893,IMP (G) T3 2000X3000 MM BLACK,2.907,0.014899999999999913
3.0,2000.0,3000.0,9893,IMP (G) T3 2000X3000 MM BLACK,2.907,0.0150357139999997
3.0,2000.0,3000.0,9893,IMP (G) T3 2000X3000 MM BLACK,2.907,0.01477777800000002
3.0,2000.0,3000.0,9893,IMP (G) T3 2000X3000 MM BLACK,2.907,0.01559374999999985
3.0,2000.0,3000.0,9893,IMP (G) T3 2000X3000 MM BLACK,2.907,0.016999999999999904
3.0,2000.0,3000.0,9893,IMP (G) T3 2000X3000 MM BLACK,2.907,0.016000000000000014
3.0,2000.0,3000.0,9893,IMP (G) T3 2000X3000 MM BLACK,2.907,0.014272726999999819
3.0,2000.0,3000.0,9893,IMP (G) T3 2000X3000 MM BLACK,2.907,0.015200000000000102
3.0,2000.0,3000.0,9893,IMP (G) T3 2000X3000 MM BLACK,2.907,0.01540000000000008
3.0,2000.0,3000.0,9893,IMP (G) T3 2000X3000 MM BLACK,2.907,0.01575912399999968
3.0,2000.0,3000.0,9893,IMP (G) T3 2000X3000 MM BLACK,2.907,0.015200000000000102
3.0,2000.0,3000.0,9893,IMP (G) T3 2000X3000 MM BLACK,2.907,0.015421053000000295
3.0,2000.0,3000.0,9893,IMP (G) T3 2000X3000 MM BLACK,2.907,0.016999999999999904
3.0,2000.0,3000.0,9893,IMP (G) T3 2000X3000 MM BLACK,2.907,0.014948718000000305
3.0,2000.0,3000.0,14235,IMP T3 2000X3000 MM BLACK,2.85,0.02499999999999991
3.0,2000.0,3000.0,9893,IMP (G) T3 2000X3000 MM BLACK,2.907,0.016999999999999904
3.0,2000.0,3000.0,9893,IMP (G) T3 2000X3000 MM BLACK,2.907,0.015009153000000275
3.0,2000.0,3000.0,9893,IMP (G) T3 2000X3000 MM BLACK,2.907,0.02136363600000024
3.0,2000.0,3000.0,9893,IMP (G) T3 2000X3000 MM BLACK,2.907,0.0172127660000001
3.0,2500.0,300.0,10267,IMP (G) T5 2500X300 MM BLUE,0.6375,2.974074074
3.0,2500.0,1050.0,14391,IMP T3 2500X1050 MM WHITE 113T,1.2718120000000002,0.02043945100000011
3.0,2500.0,3000.0,9912,IMP (G) T3 2500X3000 MM,3.6337,0.021700000000000053
3.0,2500.0,3000.0,9912,IMP (G) T3 2500X3000 MM,3.6337,0.021400000000000308
3.0,2500.0,3000.0,9912,IMP (G) T3 2500X3000 MM,3.6337,0.02120000000000033
3.0,2500.0,3000.0,9912,IMP (G) T3 2500X3000 MM,3.6337,0.021455102000000004
3.0,2500.0,3000.0,9912,IMP (G) T3 2500X3000 MM,3.6337,0.022033333000000432
3.0,2500.0,3000.0,9912,IMP (G) T3 2500X3000 MM,3.6337,0.02147777800000039
3.0,2500.0,3000.0,9912,IMP (G) T3 2500X3000 MM,3.6337,0.02120000000000033
3.0,2500.0,3000.0,9912,IMP (G) T3 2500X3000 MM,3.6337,0.02120000000000033
3.0,2500.0,3000.0,9912,IMP (G) T3 2500X3000 MM,3.6337,0.021500000000000075
3.0,2500.0,3000.0,9912,IMP (G) T3 2500X3000 MM,3.6337,0.021300000000000097
3.0,2500.0,3000.0,9912,IMP (G) T3 2500X3000 MM,3.6337,0.021441935000000356
3.0,2500.0,3000.0,9912,IMP (G) T3 2500X3000 MM,3.6337,0.022985713999999824
3.0,2500.0,3000.0,9912,IMP (G) T3 2500X3000 MM,3.6337,0.023700000000000276
3.0,2500.0,3000.0,9912,IMP (G) T3 2500X3000 MM,3.6337,0.021700000000000053
3.0,2500.0,3000.0,9912,IMP (G) T3 2500X3000 MM,3.6337,0.02133636399999972
3.0,2500.0,3000.0,29660,IMP (G) T2 2500X3000 MM GREY (380 GSM),2.907,0.015224298999999775
3.0,2500.0,3000.0,9912,IMP (G) T3 2500X3000 MM,3.6337,0.02000434800000006
3.0,2500.0,3000.0,9912,IMP (G) T3 2500X3000 MM,3.6337,0.021331578999999934
3.0,2500.0,3000.0,9912,IMP (G) T3 2500X3000 MM,3.6337,0.021347059
3.0,2500.0,3000.0,9912,IMP (G) T3 2500X3000 MM,3.6337,0.02120000000000033
3.0,2500.0,3000.0,9912,IMP (G) T3 2500X3000 MM,3.6337,0.011824999999999974
3.0,2500.0,3000.0,9912,IMP (G) T3 2500X3000 MM,3.6337,0.021700000000000053
3.0,2500.0,3000.0,9912,IMP (G) T3 2500X3000 MM,3.6337,0.021300000000000097
3.0,2500.0,3000.0,9912,IMP (G) T3 2500X3000 MM,3.6337,0.02147777800000039
3.0,2500.0,3000.0,9912,IMP (G) T3 2500X3000 MM,3.6337,0.021992683000000124
3.0,2500.0,3000.0,9912,IMP (G) T3 2500X3000 MM,3.6337,0.02213137300000012
3.0,2500.0,3000.0,9912,IMP (G) T3 2500X3000 MM,3.6337,0.022040807000000218
3.0,2500.0,3000.0,9912,IMP (G) T3 2500X3000 MM,3.6337,0.022011688000000085
3.0,2500.0,3000.0,9912,IMP (G) T3 2500X3000 MM,3.6337,0.021461194000000017
3.0,2500.0,3000.0,9912,IMP (G) T3 2500X3000 MM,3.6337,0.022245816999999946
3.0,2500.0,3000.0,9912,IMP (G) T3 2500X3000 MM,3.6337,0.02232745100000022
3.0,2500.0,3000.0,9921,IMP (G) T3 2500X3000 MM ORANGE,3.5625,0.0004530200000001372
3.0,2500.0,3000.0,9912,IMP (G) T3 2500X3000 MM,3.6337,0.02186666699999984
3.0,2500.0,3000.0,9912,IMP (G) T3 2500X3000 MM,3.6337,0.02220000000000022
3.0,2500.0,3000.0,9912,IMP (G) T3 2500X3000 MM,3.6337,0.022033333000000432
3.0,2500.0,3000.0,9912,IMP (G) T3 2500X3000 MM,3.6337,0.02245000000000008
3.0,2500.0,3000.0,9912,IMP (G) T3 2500X3000 MM,3.6337,0.02224961800000047
3.0,2500.0,3000.0,9912,IMP (G) T3 2500X3000 MM,3.6337,0.022299999999999986
3.0,2500.0,3000.0,9912,IMP (G) T3 2500X3000 MM,3.6337,0.022153608000000435
3.0,2500.0,3000.0,9912,IMP (G) T3 2500X3000 MM,3.6337,0.022366667000000007
3.0,2500.0,3000.0,9912,IMP (G) T3 2500X3000 MM,3.6337,0.022699999999999942
3.0,2500.0,3000.0,9912,IMP (G) T3 2500X3000 MM,3.6337,0.02220000000000022
3.0,2500.0,3000.0,9912,IMP (G) T3 2500X3000 MM,3.6337,0.022699999999999942
3.0,1220.0,1830.0,12653,IMP T2.7 1220X1830 MM BLACK PC,0.8653559999999999,0.004252551999999965
3.0,1220.0,2440.0,12659,IMP T2.7 1220X2440 MM BLACK PC,1.153807,0.008971835000000095
3.0,1250.0,1500.0,9638,IB T4.8 1250X1500 850GSM,0.9,0.0
3.0,1250.0,1500.0,9638,IB T4.8 1250X1500 850GSM,0.9,0.0
3.0,1250.0,1500.0,9638,IB T4.8 1250X1500 850GSM,0.9,0.0
3.0,1250.0,1500.0,9638,IB T4.8 1250X1500 850GSM,0.9,0.0
3.0,1250.0,1500.0,9638,IB T4.8 1250X1500 850GSM,0.9,0.0
3.0,1250.0,1500.0,12669,IMP T2.7 1250X1500 MM WHITE,0.9562,0.000200000000000089
3.0,1250.0,1860.0,16293,IMP T3.3 1250X1860 MM WHITE LC,1.304325,0.10354733999999999
3.0,1250.0,2470.0,16297,IMP T3.3 1250X2470 MM WHITE LC,1.732088,0.13097082400000004
3.0,2500.0,3000.0,9912,IMP (G) T3 2500X3000 MM,3.6337,0.022741096000000294
3.0,2500.0,3000.0,9912,IMP (G) T3 2500X3000 MM,3.6337,0.021275758000000256
3.0,2500.0,3000.0,9912,IMP (G) T3 2500X3000 MM,3.6337,0.021347059
3.0,2500.0,3000.0,9912,IMP (G) T3 2500X3000 MM,3.6337,0.021347059
3.0,2500.0,3000.0,9912,IMP (G) T3 2500X3000 MM,3.6337,0.021300000000000097
3.0,2500.0,3000.0,9912,IMP (G) T3 2500X3000 MM,3.6337,0.023700000000000276
3.0,2500.0,3000.0,9912,IMP (G) T3 2500X3000 MM,3.6337,0.022366667000000007
3.2,2000.0,1600.0,17390,IMP T4 2000X1600 MM BLUE,2.176,0.8860000000000001
3.3,630.0,930.0,16352,IMP T3.3 630X930 MM YELLOW,0.322245,0.0018602630000000286
3.3,830.0,830.0,16367,IMP T3.3 830X830 MM WHITE 113T,0.3788,0.0007047620000000809
3.3,830.0,830.0,16367,IMP T3.3 830X830 MM WHITE 113T,0.3788,7.272700000005017e-05
3.3,930.0,1250.0,16302,IMP T3.3 1250X930 MM WHITE 113,0.6394,0.005800000000000027
3.3,1220.0,1830.0,16214,IMP T3.3 1220X1830 MM WHITE,1.252,0.00607407400000004
3.3,1220.0,1830.0,16214,IMP T3.3 1220X1830 MM WHITE,1.252,0.006000000000000005
3.3,1220.0,1830.0,16214,IMP T3.3 1220X1830 MM WHITE,1.252,0.005916666999999931
3.3,1220.0,1830.0,16214,IMP T3.3 1220X1830 MM WHITE,1.252,0.005947367999999953
3.3,1220.0,1830.0,16214,IMP T3.3 1220X1830 MM WHITE,1.252,0.005951612999999911
3.3,1220.0,1830.0,16214,IMP T3.3 1220X1830 MM WHITE,1.252,0.004745097999999892
3.3,1220.0,1830.0,16214,IMP T3.3 1220X1830 MM WHITE,1.252,0.006000000000000005
3.3,1220.0,1830.0,16214,IMP T3.3 1220X1830 MM WHITE,1.252,0.006000000000000005
3.3,1220.0,1830.0,16214,IMP T3.3 1220X1830 MM WHITE,1.252,0.006000000000000005
3.3,1220.0,2440.0,16241,IMP T3.3 1220X2440 MM WHITE LC,1.669984,0.013069105999999886
3.3,1220.0,2440.0,16241,IMP T3.3 1220X2440 MM WHITE LC,1.669984,0.012858999999999954
3.3,1220.0,2440.0,16241,IMP T3.3 1220X2440 MM WHITE LC,1.669984,0.012650666999999727
3.3,1220.0,2440.0,16241,IMP T3.3 1220X2440 MM WHITE LC,1.669984,0.013029976999999748
3.3,1220.0,2440.0,16241,IMP T3.3 1220X2440 MM WHITE LC,1.669984,0.0036123189999999195
3.3,1220.0,2440.0,16241,IMP T3.3 1220X2440 MM WHITE LC,1.669984,0.012863999999999987
3.3,1220.0,2440.0,16241,IMP T3.3 1220X2440 MM WHITE LC,1.669984,0.012893090999999801
3.3,1250.0,930.0,16302,IMP T3.3 1250X930 MM WHITE 113,0.6394,0.005850000000000022
3.3,1250.0,930.0,16304,IMP T3.3 1250X930 MM WHITE NZ,0.639,0.0023333329999999375
3.3,1250.0,1860.0,16291,IMP T3.3 1250X1860 MM WHITE,1.2788,0.011200000000000099
3.3,1250.0,2470.0,16294,IMP T3.3 1250X2470 MM WHITE ,1.6981,0.010135294000000128
3.3,1250.0,2470.0,16294,IMP T3.3 1250X2470 MM WHITE ,1.6981,0.00990000000000002
3.3,1220.0,2440.0,16241,IMP T3.3 1220X2440 MM WHITE LC,1.669984,0.01264528999999981
3.5,1000.0,1230.0,16409,IMP T3.5 1000X1230 MM BLUE,1.2546,0.013899362999999942
3.5,1000.0,1230.0,16409,IMP T3.5 1000X1230 MM BLUE,1.2546,0.019933332999999998
3.5,1030.0,1230.0,16442,IMP T3.5 1030X1230 MM BLUE,1.2669,0.0001463769999998643
3.5,1030.0,1230.0,16442,IMP T3.5 1030X1230 MM BLUE,1.2669,0.00018813599999978337
3.5,1030.0,1230.0,10647,IMP 3.5 1030x1230 GREEN E 30 C,1.27,0.0018000000000000238
3.5,1030.0,1230.0,10647,IMP 3.5 1030x1230 GREEN E 30 C,1.27,0.0020118339999999346
3.5,1030.0,1230.0,29681,IMP T3.5 1030X1230 MM YELLOW,1.2535,0.01844464900000009
3.5,1030.0,1230.0,10647,IMP 3.5 1030x1230 GREEN E 30 C,1.27,0.0035000000000000586
3.5,1030.0,1230.0,10647,IMP 3.5 1030x1230 GREEN E 30 C,1.27,0.0014754100000000658
3.5,1250.0,1230.0,16600,IMP T3.5 1250X1230 MM WHITE,1.0978,0.018340541000000155
3.5,1250.0,1500.0,16646,IMP T3.5 1250X1500 MM GREEN,1.13,0.0066666670000001815
3.5,1250.0,1500.0,16648,IMP T3.5 1250X1500 MM GREY,1.53,0.014000000000000012
4.0,365.0,1250.0
4.0,365.0,1530.0,29163,IMP (PCR) T4 365X1530 MM WHITE,0.2563,0.0023357139999999332
4.0,365.0,1530.0,29163,IMP (PCR) T4 365X1530 MM WHITE,0.2563,0.03950463299999998
4.0,365.0,1810.0,29166,IMP (PCR) T4 365X1810 MM WHITE,0.3032,0.0076878050000000475
4.0,400.0,1550.0,29076,IMP (G) T5 400X1550 MM RED,0.5379999999999999,0.19299999999999995
4.0,400.0,1850.0
4.0,600.0,1750.0,29171,IMP (PCR) T4 600X1750 MM WHITE,0.48195,0.025686816
4.0,600.0,1750.0,29171,IMP (PCR) T4 600X1750 MM WHITE,0.48195,0.025385423000000018
4.0,600.0,1750.0,29171,IMP (PCR) T4 600X1750 MM WHITE,0.48195,0.025579138
4.0,600.0,1750.0,29171,IMP (PCR) T4 600X1750 MM WHITE,0.48195,0.025921199000000006
4.0,600.0,1750.0,29171,IMP (PCR) T4 600X1750 MM WHITE,0.48195,0.02591666700000006
4.0,600.0,1750.0,29171,IMP (PCR) T4 600X1750 MM WHITE,0.48195,0.025863747000000048
4.0,600.0,1750.0,29171,IMP (PCR) T4 600X1750 MM WHITE,0.48195,0.02594097399999995
4.0,600.0,1750.0,29171,IMP (PCR) T4 600X1750 MM WHITE,0.48195,0.004907143000000003
4.0,620.0,890.0
4.0,625.0,1360.0,17829,IMP T4 625X1360 MM BLACK,0.5635,0.010464286000000045
4.0,833.0,750.0,29347,IMP T5 833X750 MM GREEN,0.5416,0.00323069499999995
4.0,833.0,1440.0,29275,IMP T4 833X1440 MM BLACK,0.815674,0.004561294000000049
4.0,833.0,1440.0,29275,IMP T4 833X1440 MM BLACK,0.815674,0.002643460000000042
4.0,920.0,1250.0,18068,IMP T4 920X1250 MM RED,1.035,0.009529412000000015
4.0,920.0,1250.0,18068,IMP T4 920X1250 MM RED,1.035,0.003943662000000181
4.0,1000.0,780.0,10019,IMP (G) T4 1000X780 MM RED,0.5304,0.00018131200000004455
4.0,1000.0,780.0,10019,IMP (G) T4 1000X780 MM RED,0.5304,0.002966337000000041
4.0,1000.0,810.0,10022,IMP (G) T4 1000X810 MM WHITE,0.5618,0.0037565219999999844
4.0,1000.0,960.0,16943,IMP T4 1000X960 MM YELLOW,0.6658,0.005144261999999955
4.0,1000.0,1500.0,10010,IMP (G) T4 1000X1500 MM YELLOW,1.0404,0.008999999999999897
4.0,1000.0,1500.0,10010,IMP (G) T4 1000X1500 MM YELLOW,1.0404,0.007517988000000031
4.0,1000.0,1500.0,16843,IMP T4 1000X1500 MM BLACK,1.9125,0.012500000000000178
4.0,1030.0,880.0,22082,IMP T5 880X1030 MM YELLOW,0.7704,0.15088780499999999
4.0,1030.0,880.0,22082,IMP T5 880X1030 MM YELLOW,0.7704,0.15153939399999994
4.0,1030.0,1230.0,10647,IMP 3.5 1030x1230 GREEN E 30 C,1.27,0.001515152000000075
4.0,1040.0,1000.0,16967,IMP T4 1040X1000 MM BLACK,1.3259999999999998,0.019999999999999796
4.0,1040.0,1205.0,16970,IMP T4 1040X1205 MM BLACK,0.8308,0.006800000000000028
4.0,1200.0,2500.0,17071,IMP T4 1200X2500 MM WHITE,2.04,0.02436781599999982
4.0,1200.0,2500.0,17071,IMP T4 1200X2500 MM WHITE,2.04,0.024462810000000168
4.0,1200.0,2500.0,17071,IMP T4 1200X2500 MM WHITE,2.04,0.02499999999999991
4.0,1250.0,1250.0,19075,IMP T5 1250X1250 MM LGREY,1.3281,0.035800000000000054
4.0,1250.0,1500.0,10030,IMP (G) T4 1250X1500 MM BLACK,1.3005,0.007852940999999891
4.0,1250.0,1500.0,17221,IMP T4 1250X1500MM BLUE,1.2814,0.006999999999999895
4.0,1250.0,1500.0,17221,IMP T4 1250X1500MM BLUE,1.2814,0.006999999999999895
4.0,1250.0,1500.0,10030,IMP (G) T4 1250X1500 MM BLACK,1.3005,0.008000000000000007
4.0,1250.0,1500.0,17221,IMP T4 1250X1500MM BLUE,1.2814,0.004509090999999854
4.0,1250.0,1500.0,10030,IMP (G) T4 1250X1500 MM BLACK,1.3005,0.007807692000000088
4.0,1250.0,1500.0,10030,IMP (G) T4 1250X1500 MM BLACK,1.3005,0.007950979999999941
4.0,1250.0,1500.0,17221,IMP T4 1250X1500MM BLUE,1.2814,0.006799999999999917
4.0,1250.0,1500.0,17221,IMP T4 1250X1500MM BLUE,1.2814,0.008215384999999964
4.0,1250.0,1500.0,10178,IMP (G) T5 1250X1500 MM BLACK,1.6256,0.015599999999999836
4.0,1250.0,1500.0,17221,IMP T4 1250X1500MM BLUE,1.2814,0.006799999999999917
4.0,1250.0,1500.0,9560,IB T3.5 1250X1500 1500 WHITE,2.813,0.008842104999999822
4.0,1250.0,1500.0,17222,IMP T4 1250X1500MM BLUE(650GSM,1.2431,0.01110000000000011
4.0,1250.0,1500.0,9597,IB T3.7 1250X1500 650 BLUE,1.219,0.008999999999999897
4.0,1250.0,1500.0,9494,IB T3.0 1250X1500 BLUE 85077A,0.855,0.002826086999999977
4.0,1250.0,1500.0,29692,IMP T3 1250X1500 MM WHITE LC,0.94752,0.00046117599999995207
4.0,2000.0,1045.0
4.0,2000.0,1210.0,29251,IMP T4 2000X1210 MM GREEN,1.678512,0.011311999999999989
4.0,2000.0,1310.0,17375,IMP T4 2000X1310 MM YELLOW,1.7816,0.022566666999999763
4.0,2000.0,1310.0,17375,IMP T4 2000X1310 MM YELLOW,1.7816,0.018399999999999972
4.0,2000.0,1310.0,17375,IMP T4 2000X1310 MM YELLOW,1.7816,0.022036364000000086
4.0,2000.0,1600.0,17390,IMP T4 2000X1600 MM BLUE,2.176,0.02400000000000002
4.0,2000.0,1600.0,17390,IMP T4 2000X1600 MM BLUE,2.176,0.023839743999999996
4.0,2000.0,1700.0,17395,IMP T4 2000X1700 MM ORANGE,2.312,0.024470588000000237
4.0,2000.0,1700.0,17395,IMP T4 2000X1700 MM ORANGE,2.312,0.02461971800000029
4.0,2000.0,1700.0,17395,IMP T4 2000X1700 MM ORANGE,2.312,0.024666666999999975
4.0,2000.0,2000.0,17403,IMP T4 2000X2000 MM GREEN,2.7744,0.007899999999999796
4.0,2000.0,2000.0,17403,IMP T4 2000X2000 MM GREEN,2.7744,0.013900000000000023
4.0,2000.0,3000.0,10054,IMP (G) T4 2000X3000 MM,4.1616,0.02039999999999953
4.0,2000.0,3000.0,10054,IMP (G) T4 2000X3000 MM,4.1616,0.02059999999999995
4.0,2000.0,3000.0,10054,IMP (G) T4 2000X3000 MM,4.1616,0.020558333000000317
4.0,2000.0,3000.0,10054,IMP (G) T4 2000X3000 MM,4.1616,0.019099999999999895
4.0,2000.0,3000.0,10054,IMP (G) T4 2000X3000 MM,4.1616,0.024457143000000237
4.0,2000.0,3000.0,10054,IMP (G) T4 2000X3000 MM,4.1616,0.03093333300000012
4.0,2000.0,3000.0,10054,IMP (G) T4 2000X3000 MM,4.1616,0.02059999999999995
4.0,2000.0,3000.0,10054,IMP (G) T4 2000X3000 MM,4.1616,0.021266666999999906
4.0,2000.0,3000.0,10054,IMP (G) T4 2000X3000 MM,4.1616,0.021215384999999642
4.0,2000.0,3000.0,10054,IMP (G) T4 2000X3000 MM,4.1616,0.0203692310000001
4.0,2000.0,3000.0,10054,IMP (G) T4 2000X3000 MM,4.1616,0.02065044500000024
4.0,2000.0,3000.0,10054,IMP (G) T4 2000X3000 MM,4.1616,0.020800000000000374
4.0,2020.0,975.0,28462,IMP T4 2020X975 MM BLACK,2.5111,0.019099999999999895
4.0,2080.0,1000.0,29254,IMP T4 2080X1000 MM BLACK,2.6519999999999997,0.021999999999999797
4.0,2500.0,3000.0,10071,IMP (G) T4 2500X3000 MM BLUE,5.202000000000001,0.03133333300000096
4.0,2500.0,3000.0,10071,IMP (G) T4 2500X3000 MM BLUE,5.202000000000001,0.04101960800000093
4.0,2500.0,3000.0,10071,IMP (G) T4 2500X3000 MM BLUE,5.202000000000001,0.03160000000000096
4.0,2500.0,3000.0,10071,IMP (G) T4 2500X3000 MM BLUE,5.202000000000001,0.032333333000001296
4.0,2500.0,3000.0,10071,IMP (G) T4 2500X3000 MM BLUE,5.202000000000001,0.031000000000000583
4.0,2500.0,3000.0,10071,IMP (G) T4 2500X3000 MM BLUE,5.202000000000001,0.03200000000000092
4.0,2500.0,3000.0,10071,IMP (G) T4 2500X3000 MM BLUE,5.202000000000001,0.031629630000001185
4.0,2500.0,3000.0,10071,IMP (G) T4 2500X3000 MM BLUE,5.202000000000001,0.03125000000000089
4.0,2500.0,3000.0,10071,IMP (G) T4 2500X3000 MM BLUE,5.202000000000001,0.0420000000000007
4.0,2500.0,3000.0,10071,IMP (G) T4 2500X3000 MM BLUE,5.202000000000001,0.03303448300000067
4.0,2500.0,3000.0,10071,IMP (G) T4 2500X3000 MM BLUE,5.202000000000001,0.0318804780000006
4.0,2500.0,3000.0,10071,IMP (G) T4 2500X3000 MM BLUE,5.202000000000001,0.03140000000000054
4.0,2500.0,3000.0,20199,IMP T5 2500X3000 MM GREEN,5.25,0.0968
4.0,2500.0,3000.0,10071,IMP (G) T4 2500X3000 MM BLUE,5.202000000000001,0.03066666700000109
4.0,2500.0,3000.0,10071,IMP (G) T4 2500X3000 MM BLUE,5.202000000000001,0.030571429000000983
4.0,2500.0,3000.0,10071,IMP (G) T4 2500X3000 MM BLUE,5.202000000000001,0.040024691000001056
4.0,2500.0,3000.0,10071,IMP (G) T4 2500X3000 MM BLUE,5.202000000000001,0.03134782600000108
4.0,2500.0,3000.0,10071,IMP (G) T4 2500X3000 MM BLUE,5.202000000000001,0.03158333300000127
4.0,2500.0,3000.0,10071,IMP (G) T4 2500X3000 MM BLUE,5.202000000000001,0.03171428600000148
4.0,2500.0,3000.0,10071,IMP (G) T4 2500X3000 MM BLUE,5.202000000000001,0.0420000000000007
4.0,2500.0,3000.0,10071,IMP (G) T4 2500X3000 MM BLUE,5.202000000000001,0.03200000000000092
4.0,2500.0,3000.0,10071,IMP (G) T4 2500X3000 MM BLUE,5.202000000000001,0.03690196100000076
4.0,2500.0,3000.0,10071,IMP (G) T4 2500X3000 MM BLUE,5.202000000000001,0.03130232600000138
4.0,2500.0,3000.0,10071,IMP (G) T4 2500X3000 MM BLUE,5.202000000000001,0.036716981000001425
4.0,2500.0,3000.0,10071,IMP (G) T4 2500X3000 MM BLUE,5.202000000000001,0.03147368400000072
4.0,2500.0,3000.0,10071,IMP (G) T4 2500X3000 MM BLUE,5.202000000000001,0.03200000000000092
4.0,2500.0,3000.0,10071,IMP (G) T4 2500X3000 MM BLUE,5.202000000000001,0.03160000000000096
4.0,2500.0,3000.0,10071,IMP (G) T4 2500X3000 MM BLUE,5.202000000000001,0.03130693100000137
4.0,2000.0,3000.0,10054,IMP (G) T4 2000X3000 MM,4.1616,0.02043838399999931
4.2,1000.0,1500.0,18115,IMP T4.2 1000X1500 WHITE,1.8359999999999999,0.015999999999999792
4.5,1000.0,1500.0,16843,IMP T4 1000X1500 MM BLACK,1.9125,0.012500000000000178
5.0,200.0,600.0,29048,IMP (G) T5 200X600 MM WHITE,0.20600000000000002,0.10048275900000002
5.0,200.0,600.0,29048,IMP (G) T5 200X600 MM WHITE,0.20600000000000002,0.09982945700000001
5.0,400.0,600.0,29079,IMP (G) T5 400X600 MM WHITE,0.20800000000000002,0.0015012590000000048
5.0,620.0,660.0,29122,IMP (G) T5 660X620 MM GREEN,0.3547,0.0014361110000000177
5.0,620.0,660.0,29122,IMP (G) T5 660X620 MM GREEN,0.3547,0.0014435899999999946
5.0,620.0,1250.0,21291,IMP T5 620X1250 MM BLUE,0.6975,0.039617647000000034
5.0,630.0,930.0,21384,IMP T5 630X930 MM WHITE113T,0.5378,0.11192222200000013
5.0,630.0,930.0,21384,IMP T5 630X930 MM WHITE113T,0.5378,0.12020000000000008
5.0,630.0,930.0,21384,IMP T5 630X930 MM WHITE113T,0.5378,0.0007166669999999487
5.0,630.0,930.0,21384,IMP T5 630X930 MM WHITE113T,0.5378,0.17044561400000013
5.0,630.0,930.0,21384,IMP T5 630X930 MM WHITE113T,0.5378,0.0875125000000001
5.0,640.0,945.0,21416,IMP T5 640X945 MM WHITE 113T,0.5443,0.16919593499999996
5.0,640.0,945.0,21416,IMP T5 640X945 MM WHITE 113T,0.5443,0.169033333
5.0,640.0,945.0,21416,IMP T5 640X945 MM WHITE 113T,0.5443,0.005700000000000038
5.0,640.0,945.0,21416,IMP T5 640X945 MM WHITE 113T,0.5443,0.00018235300000002397
5.0,640.0,945.0,21416,IMP T5 640X945 MM WHITE 113T,0.5443,0.00999906500000003
5.0,680.0,1250.0,29336,IMP T5 680X1250 MM WHITE,0.65025,0.05490727699999998
5.0,810.0,1200.0,29138,IMP (G) T5 810X1200 MM BLUE,0.8427,0.008700000000000041
5.0,833.0,750.0,29347,IMP T5 833X750 MM GREEN,0.5416,0.0037293800000000044
5.0,850.0,1560.0,21990,IMP T5 850X1560 MM D.BROWN,1.149642,0.022975332999999987
5.0,915.0,1930.0,22187,IMP T5 915X1930 MM WHITE,1.5893,0.008199999999999985
5.0,915.0,1930.0,22187,IMP T5 915X1930 MM WHITE,1.5893,0.012575000000000003
5.0,915.0,1930.0,22187,IMP T5 915X1930 MM WHITE,1.5893,0.016199999999999992
5.0,915.0,1930.0,22187,IMP T5 915X1930 MM WHITE,1.5893,0.024639394000000037
5.0,915.0,2540.0,22193,IMP T5 915X2540 MM WHITE,2.0917,0.02720909100000002
5.0,930.0,630.0,21384,IMP T5 630X930 MM WHITE113T,0.5378,0.0007116280000000197
5.0,930.0,630.0,21384,IMP T5 630X930 MM WHITE113T,0.5378,0.0036064519999999822
5.0,930.0,630.0,21381,IMP T5 630X930 MM WHITE 113 T,0.5273,2.727299999993882e-05
5.0,930.0,630.0,21384,IMP T5 630X930 MM WHITE113T,0.5378,0.0006615380000000171
5.0,930.0,630.0,21384,IMP T5 630X930 MM WHITE113T,0.5378,0.0006105960000000188
5.0,930.0,930.0,22224,IMP T5 930X930 MM WHITE 113T,0.778,0.00012499999999993072
5.0,930.0,930.0,22226,IMP T5 930X930 MM WHITE NZ,0.7784,0.012600000000000056
5.0,930.0,930.0,22226,IMP T5 930X930 MM WHITE NZ,0.7784,0.012600000000000056
5.0,930.0,1230.0,19014,IMP T5 1230X930 MM WHITE 113T,1.0295,1.6129000000031368e-05
5.0,930.0,1230.0,19014,IMP T5 1230X930 MM WHITE 113T,1.0295,0.00023170700000019195
5.0,930.0,1230.0,19014,IMP T5 1230X930 MM WHITE 113T,1.0295,0.00021428600000006348
5.0,930.0,1230.0,19014,IMP T5 1230X930 MM WHITE 113T,1.0295,0.013833332999999781
5.0,930.0,1230.0,19014,IMP T5 1230X930 MM WHITE 113T,1.0295,0.013864485999999898
5.0,930.0,1230.0,19014,IMP T5 1230X930 MM WHITE 113T,1.0295,0.01339855099999987
5.0,945.0,640.0,21416,IMP T5 640X945 MM WHITE 113T,0.5443,0.005533332999999918
5.0,945.0,640.0,21416,IMP T5 640X945 MM WHITE 113T,0.5443,0.0002523810000000237
5.0,945.0,640.0,21416,IMP T5 640X945 MM WHITE 113T,0.5443,0.011319047999999943
5.0,945.0,1250.0,19378,IMP T5 1250X945 MM WHITE 113T,1.063,6.666700000002024e-05
5.0,945.0,1250.0,19378,IMP T5 1250X945 MM WHITE 113T,1.063,0.000153845999999902
5.0,945.0,1250.0,19377,IMP T5 1250X945 MM WHITE 113T,1.0631,0.013775000000000093
5.0,945.0,1250.0,19377,IMP T5 1250X945 MM WHITE 113T,1.0631,0.013700000000000045
5.0,960.0,750.0,22283,IMP T5 960X750 MM GREY,0.6242,0.0028000000000000247
5.0,1000.0,1500.0,18274,IMP T5 1000X1500 MM BLUE,1.3005,0.01104455400000015
5.0,1000.0,1500.0,18274,IMP T5 1000X1500 MM BLUE,1.3005,0.010999999999999899
5.0,1000.0,1500.0,18274,IMP T5 1000X1500 MM BLUE,1.3005,0.011026315999999925
5.0,1000.0,1500.0,18274,IMP T5 1000X1500 MM BLUE,1.3005,0.006409944000000056
5.0,1000.0,1500.0,16843,IMP T4 1000X1500 MM BLACK,1.9125,0.012500000000000178
5.0,1000.0,1500.0,18115,IMP T4.2 1000X1500 WHITE,1.8359999999999999,0.015999999999999792
5.0,1030.0,1370.0,18470,IMP T5 1030X1370 MM GREEN,1.2234,0.025201801999999995
5.0,1050.0,620.0,18514,IMP T5 1050X620 MM RED,0.5533,0.00013098600000005511
5.0,1200.0,1000.0,10154,IMP (G) T5 1200X1000 MM RED,1.04,0.009466667000000095
5.0,1220.0,1830.0,18861,IMP T5 1220X1830 MM WHITE LC,2.0495259999999997,0.011668856999999644
5.0,1220.0,1830.0,18860,IMP T5 1220X1830 MM WHITE LC,1.935664,0.009715724000000092
5.0,1220.0,1830.0,18861,IMP T5 1220X1830 MM WHITE LC,2.0495259999999997,0.010325999999999613
5.0,1220.0,1830.0,18860,IMP T5 1220X1830 MM WHITE LC,1.935664,0.009638359000000207
5.0,1220.0,1830.0,18860,IMP T5 1220X1830 MM WHITE LC,1.935664,0.009726499999999971
5.0,1220.0,1830.0,18860,IMP T5 1220X1830 MM WHITE LC,1.935664,0.009643591999999979
5.0,1220.0,1830.0,18861,IMP T5 1220X1830 MM WHITE LC,2.0495259999999997,0.010344181999999424
5.0,1220.0,1830.0,18861,IMP T5 1220X1830 MM WHITE LC,2.0495259999999997,0.012025999999999648
5.0,1220.0,1830.0,18861,IMP T5 1220X1830 MM WHITE LC,2.0495259999999997,0.01027599999999973
5.0,1220.0,1830.0,18860,IMP T5 1220X1830 MM WHITE LC,1.935664,0.018935999999999842
5.0,1220.0,1830.0,18860,IMP T5 1220X1830 MM WHITE LC,1.935664,0.013690315999999925
5.0,1220.0,1830.0,18860,IMP T5 1220X1830 MM WHITE LC,1.935664,0.010060135000000026
5.0,1220.0,1830.0,18860,IMP T5 1220X1830 MM WHITE LC,1.935664,0.011664000000000119
5.0,1220.0,1930.0,18868,IMP T5 1220X1930 MM WHITE,2.1191,0.030598794999999956
5.0,1220.0,1930.0,18868,IMP T5 1220X1930 MM WHITE,2.1191,0.029947619000000092
5.0,1220.0,1930.0,18868,IMP T5 1220X1930 MM WHITE,2.1191,0.03015925899999994
5.0,1220.0,1930.0,18868,IMP T5 1220X1930 MM WHITE,2.1191,0.025781355999999978
5.0,1220.0,1930.0,18868,IMP T5 1220X1930 MM WHITE,2.1191,0.0299909089999999
5.0,1220.0,1930.0,18868,IMP T5 1220X1930 MM WHITE,2.1191,0.0301499999999999
5.0,1220.0,1930.0,18868,IMP T5 1220X1930 MM WHITE,2.1191,0.02839999999999998
5.0,1220.0,2440.0,10170,IMP (G) T5 1220X2440 MM BLACK,2.5808,0.020399999999999974
5.0,1220.0,2440.0,10170,IMP (G) T5 1220X2440 MM BLACK,2.5808,0.01952727300000001
5.0,1220.0,2440.0,18901,IMP T5 1220X2440 MM WHITE,2.7327,0.0210333330000001
5.0,1220.0,2440.0,18901,IMP T5 1220X2440 MM WHITE,2.7327,0.016114633999999572
5.0,1220.0,2440.0,18901,IMP T5 1220X2440 MM WHITE,2.7327,0.02082499999999987
5.0,1220.0,2440.0,10170,IMP (G) T5 1220X2440 MM BLACK,2.5808,0.01980000000000004
5.0,1220.0,2440.0,10170,IMP (G) T5 1220X2440 MM BLACK,2.5808,0.01994285699999976
5.0,1220.0,2440.0,18923,IMP T5 1220X2440 MM WHITE LC,2.732702,0.08917090999999999
5.0,1220.0,2440.0,18901,IMP T5 1220X2440 MM WHITE,2.7327,0.020952426999999663
5.0,1220.0,2440.0,18901,IMP T5 1220X2440 MM WHITE,2.7327,0.02097586199999979
5.0,1220.0,2440.0,10170,IMP (G) T5 1220X2440 MM BLACK,2.5808,0.01957551000000013
5.0,1220.0,2440.0,10170,IMP (G) T5 1220X2440 MM BLACK,2.5808,0.01971025599999976
5.0,1220.0,2440.0,10170,IMP (G) T5 1220X2440 MM BLACK,2.5808,0.01982621699999987
5.0,1220.0,2440.0,10170,IMP (G) T5 1220X2440 MM BLACK,2.5808,0.02079999999999993
5.0,1220.0,2440.0,18901,IMP T5 1220X2440 MM WHITE,2.7327,0.020774866000000003
5.0,1220.0,2440.0,18901,IMP T5 1220X2440 MM WHITE,2.7327,0.02073921599999995
5.0,1220.0,2440.0,18901,IMP T5 1220X2440 MM WHITE,2.7327,0.020757142999999978
5.0,1220.0,2440.0,10170,IMP (G) T5 1220X2440 MM BLACK,2.5808,0.01980000000000004
5.0,1220.0,2440.0,10170,IMP (G) T5 1220X2440 MM BLACK,2.5808,0.01797948699999985
5.0,1220.0,2440.0,10170,IMP (G) T5 1220X2440 MM BLACK,2.5808,0.01964892099999993
5.0,1220.0,2440.0,10170,IMP (G) T5 1220X2440 MM BLACK,2.5808,0.014133333000000192
5.0,1220.0,2540.0,18932,IMP T5 1220X2540 MM BLACK,2.7889,0.03279014100000044
5.0,1220.0,2540.0,18932,IMP T5 1220X2540 MM BLACK,2.7889,0.03285675699999979
5.0,1220.0,2540.0,18932,IMP T5 1220X2540 MM BLACK,2.7889,0.03296813200000015
5.0,1220.0,2540.0,18932,IMP T5 1220X2540 MM BLACK,2.7889,0.03340769199999993
5.0,1220.0,2540.0,18932,IMP T5 1220X2540 MM BLACK,2.7889,0.033137036999999925
5.0,1220.0,2540.0,18932,IMP T5 1220X2540 MM BLACK,2.7889,0.03294397199999999
5.0,1220.0,2540.0,18932,IMP T5 1220X2540 MM BLACK,2.7889,0.009582758999999719
5.0,1220.0,2540.0,18932,IMP T5 1220X2540 MM BLACK,2.7889,0.03294615399999978
5.0,1220.0,2540.0,18932,IMP T5 1220X2540 MM BLACK,2.7889,0.03294738999999991
5.0,1220.0,2540.0,18932,IMP T5 1220X2540 MM BLACK,2.7889,0.03294397199999999
5.0,1220.0,2540.0,18932,IMP T5 1220X2540 MM BLACK,2.7889,0.03298405800000026
5.0,1220.0,2540.0,18932,IMP T5 1220X2540 MM BLACK,2.7889,0.03286056300000029
5.0,1220.0,2540.0,18932,IMP T5 1220X2540 MM BLACK,2.7889,0.03290000000000015
5.0,1220.0,2540.0,18932,IMP T5 1220X2540 MM BLACK,2.7889,0.03290000000000015
5.0,1220.0,2540.0,18932,IMP T5 1220X2540 MM BLACK,2.7889,0.03294615399999978
5.0,1220.0,2540.0,18932,IMP T5 1220X2540 MM BLACK,2.7889,0.03297251000000001
5.0,1220.0,2540.0,18932,IMP T5 1220X2540 MM BLACK,2.7889,0.032905556000000225
5.0,1220.0,2540.0,18932,IMP T5 1220X2540 MM BLACK,2.7889,0.03297499999999998
5.0,1220.0,2540.0,18932,IMP T5 1220X2540 MM BLACK,2.7889,0.03310000000000013
5.0,1220.0,2540.0,18932,IMP T5 1220X2540 MM BLACK,2.7889,0.03292857100000024
5.0,1220.0,2540.0,18932,IMP T5 1220X2540 MM BLACK,2.7889,0.0644333330000002
5.0,1220.0,2540.0,18932,IMP T5 1220X2540 MM BLACK,2.7889,0.15046669300000026
5.0,1220.0,2540.0,18932,IMP T5 1220X2540 MM BLACK,2.7889,0.033017808000000315
5.0,1220.0,2540.0,18932,IMP T5 1220X2540 MM BLACK,2.7889,0.03286470600000024
5.0,1220.0,2800.0
5.0,1220.0,3100.0,18941,IMP T5 1220X3100 MM WHITE,3.4038,0.03486666699999974
5.0,1225.0,2800.0,18992,IMP T5 1225X2800 MM YELLOW V2,3.0869999999999997,0.03433333300000019
5.0,1225.0,2800.0,18992,IMP T5 1225X2800 MM YELLOW V2,3.0869999999999997,2.7489999999999997
5.0,1225.0,2800.0,18992,IMP T5 1225X2800 MM YELLOW V2,3.0869999999999997,0.03400000000000025
5.0,1225.0,2800.0,18992,IMP T5 1225X2800 MM YELLOW V2,3.0869999999999997,0.033833333000000465
5.0,1225.0,2800.0,18992,IMP T5 1225X2800 MM YELLOW V2,3.0869999999999997,0.033555556000000486
5.0,1230.0,830.0,19010,IMP T5 1230X830 MM WHITE 113T,0.91881,0.00014333300000002325
5.0,1230.0,830.0,19011,IMP T5 1230X830 MM WHITE NZ,0.9179999999999999,0.00033333300000004673
5.0,1230.0,830.0,29287,IMP T5 1230X830 MM WHITE LC,0.9371860000000001,0.007513869000000173
5.0,1230.0,830.0,29287,IMP T5 1230X830 MM WHITE LC,0.9371860000000001,0.00375742900000009
5.0,1230.0,930.0,19014,IMP T5 1230X930 MM WHITE 113T,1.0295,0.010583332999999806
5.0,1230.0,930.0,19014,IMP T5 1230X930 MM WHITE 113T,1.0295,0.003304877999999789
5.0,1230.0,930.0,19014,IMP T5 1230X930 MM WHITE 113T,1.0295,0.011011627999999885
5.0,1250.0,945.0,19377,IMP T5 1250X945 MM WHITE 113T,1.0631,0.00973333300000001
5.0,1250.0,945.0,19377,IMP T5 1250X945 MM WHITE 113T,1.0631,0.009547059000000191
5.0,1250.0,1500.0,9664,IB T5 1250X1500 BLACK PE100 1%,1.59,0.000300000000000189
5.0,1250.0,1500.0,10178,IMP (G) T5 1250X1500 MM BLACK,1.6256,0.010999999999999899
5.0,1250.0,1500.0,10178,IMP (G) T5 1250X1500 MM BLACK,1.6256,0.014999999999999902
5.0,1250.0,1500.0,10178,IMP (G) T5 1250X1500 MM BLACK,1.6256,0.010998405999999905
5.0,1250.0,1500.0,10178,IMP (G) T5 1250X1500 MM BLACK,1.6256,0.009830768999999906
5.0,1250.0,1500.0,10178,IMP (G) T5 1250X1500 MM BLACK,1.6256,0.009834694000000033
5.0,1250.0,1500.0,10178,IMP (G) T5 1250X1500 MM BLACK,1.6256,0.009830768999999906
5.0,1250.0,1500.0,10178,IMP (G) T5 1250X1500 MM BLACK,1.6256,0.009849999999999914
5.0,1250.0,1500.0,10178,IMP (G) T5 1250X1500 MM BLACK,1.6256,0.0121
5.0,1250.0,1500.0,10178,IMP (G) T5 1250X1500 MM BLACK,1.6256,0.015105495000000024
5.0,1250.0,1500.0,10178,IMP (G) T5 1250X1500 MM BLACK,1.6256,0.015158824000000015
5.0,1250.0,1500.0,10178,IMP (G) T5 1250X1500 MM BLACK,1.6256,0.0152666669999999
5.0,1250.0,1500.0,10178,IMP (G) T5 1250X1500 MM BLACK,1.6256,0.015599999999999836
5.0,1250.0,1500.0,19187,IMP T5 1250X1500 MM WHITE 113T,2.25,0.021999999999999797
5.0,1250.0,1500.0,18141,IMP T4.5 1250X1500 MM WHITE ,1.5938,0.01419999999999999
5.0,1250.0,1500.0,17174,IMP T4 1250X1500 MM D.BROWN,1.4063,0.013699999999999823
5.0,1250.0,1500.0,9587,IB T3.5 1250X1500 RED,1.3387,0.010699999999999932
5.0,1250.0,1800.0,19219,IMP T5 1250X1800 MM GREEN,1.9125,0.018100000000000005
5.0,1250.0,1800.0,19219,IMP T5 1250X1800 MM GREEN,1.9125,0.018100000000000005
5.0,1250.0,1800.0,19219,IMP T5 1250X1800 MM GREEN,1.9125,0.018299999999999983
5.0,1250.0,1800.0,19219,IMP T5 1250X1800 MM GREEN,1.9125,0.016899999999999915
5.0,1250.0,1860.0,19223,IMP T5 1250X1860 MM WHITE 113T,2.0925,0.019500000000000295
5.0,1250.0,1860.0,19223,IMP T5 1250X1860 MM WHITE 113T,2.0925,0.0004999999999997229
5.0,1250.0,1860.0,19223,IMP T5 1250X1860 MM WHITE 113T,2.0925,0.008427767000000141
5.0,1250.0,1860.0,19223,IMP T5 1250X1860 MM WHITE 113T,2.0925,0.01924999999999999
5.0,1250.0,1860.0,19223,IMP T5 1250X1860 MM WHITE 113T,2.0925,0.20971739099999964
5.0,1250.0,1860.0,19223,IMP T5 1250X1860 MM WHITE 113T,2.0925,0.019500000000000295
5.0,1250.0,2000.0,19229,IMP T5 1250X2000 MM BLACK,2.125,0.019000000000000128
5.0,1250.0,2000.0,19229,IMP T5 1250X2000 MM BLACK,2.125,0.01880000000000015
5.0,1250.0,2000.0,19229,IMP T5 1250X2000 MM BLACK,2.125,0.01880000000000015
5.0,1250.0,2000.0,19229,IMP T5 1250X2000 MM BLACK,2.125,0.018899999999999917
5.0,1250.0,2470.0,19252,IMP T5 1250X2470 MM WHITE,2.7788,0.02429090899999986
5.0,1250.0,2470.0,19254,IMP T5 1250X2470 MM WHITE LC,2.834325,2.5506749999999996
5.0,1250.0,2470.0,19252,IMP T5 1250X2470 MM WHITE,2.7788,0.021941962000000093
5.0,1250.0,2470.0,19252,IMP T5 1250X2470 MM WHITE,2.7788,0.008700000000000152
5.0,1250.0,2470.0,19252,IMP T5 1250X2470 MM WHITE,2.7788,0.016199999999999992
5.0,1250.0,2470.0,19252,IMP T5 1250X2470 MM WHITE,2.7788,0.021886274999999955
5.0,1250.0,2470.0,19252,IMP T5 1250X2470 MM WHITE,2.7788,0.021199999999999886
5.0,1250.0,2470.0,19254,IMP T5 1250X2470 MM WHITE LC,2.834325,0.2522707449999997
5.0,1250.0,2470.0,19252,IMP T5 1250X2470 MM WHITE,2.7788,0.022109091000000358
5.0,1250.0,2730.0,19260,IMP T5 1250X2730 MM BLACK,3.07125,0.00024999999999986144
5.0,1250.0,2730.0,19262,IMP T5 1250X2730 MM BLUE V2,3.0713,0.022699999999999942
5.0,1250.0,2730.0,19262,IMP T5 1250X2730 MM BLUE V2,3.0713,0.017450000000000188
5.0,1250.0,3000.0,10194,IMP (G) T5 1250X3000 MM BLUE,3.2512,0.030199999999999783
5.0,1250.0,4000.0,19298,IMP T5 1250X4000 MM BLACK,4.25,0.037142857000000085
5.0,1250.0,4000.0,19298,IMP T5 1250X4000 MM BLACK,4.25,0.026923077000000184
5.0,1520.0,1600.0,19647,IMP T5 1520X1600 MM GREY,2.1085,0.027699999999999836
5.0,1800.0,750.0,29027,IMP (G) T5 1800X750 MM WHITE,1.17,0.01200000000000001
5.0,1800.0,750.0,29027,IMP (G) T5 1800X750 MM WHITE,1.17,0.006787878999999997
5.0,1830.0,2540.0,19797,IMP T5 1830X2540 MM WHITE,4.1834,0.04380000000000006
5.0,1830.0,2540.0,19797,IMP T5 1830X2540 MM WHITE,4.1834,0.04360000000000053
5.0,1830.0,2540.0,19797,IMP T5 1830X2540 MM WHITE,4.1834,0.04295135100000014
5.0,1830.0,2540.0,19797,IMP T5 1830X2540 MM WHITE,4.1834,0.043070587999999965
5.0,2000.0,1110.0,19873,IMP T5 2000X1110 MM GREEN,1.9247,0.024700000000000166
5.0,2000.0,1110.0,19873,IMP T5 2000X1110 MM GREEN,1.9247,0.024700000000000166
5.0,2000.0,3000.0,10226,IMP (G) T5 2000X3000 MM BLACK,5.202000000000001,0.025720930000001196
5.0,2000.0,3000.0,10226,IMP (G) T5 2000X3000 MM BLACK,5.202000000000001,0.02568421100000151
5.0,2000.0,3000.0,10226,IMP (G) T5 2000X3000 MM BLACK,5.202000000000001,0.025529412000000917
5.0,2000.0,3000.0,10226,IMP (G) T5 2000X3000 MM BLACK,5.202000000000001,0.025529412000000917
5.0,2000.0,3000.0,10226,IMP (G) T5 2000X3000 MM BLACK,5.202000000000001,0.025125000000000952
5.0,2000.0,3000.0,10226,IMP (G) T5 2000X3000 MM BLACK,5.202000000000001,0.025934426000000954
5.0,2000.0,3000.0,10231,IMP (G) T5 2000X3000 MM GREEN,5.9976,0.0376000000000003
5.0,2000.0,3000.0,10231,IMP (G) T5 2000X3000 MM GREEN,5.9976,0.031350000000000655
5.0,2000.0,3000.0,10226,IMP (G) T5 2000X3000 MM BLACK,5.202000000000001,0.025773585000000487
5.0,2000.0,3000.0,10226,IMP (G) T5 2000X3000 MM BLACK,5.202000000000001,0.02571134000000086
5.0,2000.0,3000.0,10226,IMP (G) T5 2000X3000 MM BLACK,5.202000000000001,0.025636364000000356
5.0,2000.0,3000.0,10226,IMP (G) T5 2000X3000 MM BLACK,5.202000000000001,0.025432836000001124
5.0,2000.0,3000.0,10226,IMP (G) T5 2000X3000 MM BLACK,5.202000000000001,0.026210526000000733
5.0,2000.0,3000.0,10226,IMP (G) T5 2000X3000 MM BLACK,5.202000000000001,0.025636364000000356
5.0,2000.0,3000.0,10226,IMP (G) T5 2000X3000 MM BLACK,5.202000000000001,0.025673469000000892
5.0,2000.0,3000.0,10226,IMP (G) T5 2000X3000 MM BLACK,5.202000000000001,0.02600000000000069
5.0,2000.0,3000.0,10226,IMP (G) T5 2000X3000 MM BLACK,5.202000000000001,0.025818182000000967
5.0,2000.0,3000.0,10226,IMP (G) T5 2000X3000 MM BLACK,5.202000000000001,0.03200000000000092
5.0,2000.0,3000.0,10226,IMP (G) T5 2000X3000 MM BLACK,5.202000000000001,0.026252492000001126
5.0,2000.0,3000.0,10226,IMP (G) T5 2000X3000 MM BLACK,5.202000000000001,0.025943662000000423
5.0,2000.0,3000.0,10226,IMP (G) T5 2000X3000 MM BLACK,5.202000000000001,0.025333333000000735
5.0,2000.0,3000.0,10226,IMP (G) T5 2000X3000 MM BLACK,5.202000000000001,0.025333333000000735
5.0,2000.0,3000.0,10226,IMP (G) T5 2000X3000 MM BLACK,5.202000000000001,0.02558974400000036
5.0,2000.0,3000.0,10226,IMP (G) T5 2000X3000 MM BLACK,5.202000000000001,0.02616666700000092
5.0,2000.0,3000.0,10226,IMP (G) T5 2000X3000 MM BLACK,5.202000000000001,0.025636364000000356
5.0,2000.0,3000.0,10226,IMP (G) T5 2000X3000 MM BLACK,5.202000000000001,0.025809524000000472
5.0,2000.0,3000.0,10226,IMP (G) T5 2000X3000 MM BLACK,5.202000000000001,0.027000000000001023
5.0,2000.0,3000.0,10226,IMP (G) T5 2000X3000 MM BLACK,5.202000000000001,0.025398329000000608
5.0,2000.0,3000.0,10226,IMP (G) T5 2000X3000 MM BLACK,5.202000000000001,0.025432836000001124
5.0,2000.0,3000.0,10226,IMP (G) T5 2000X3000 MM BLACK,5.202000000000001,0.025636364000000356
5.0,2000.0,3000.0,10226,IMP (G) T5 2000X3000 MM BLACK,5.202000000000001,0.025600000000000733
5.0,2000.0,3000.0,10226,IMP (G) T5 2000X3000 MM BLACK,5.202000000000001,0.025429952000000533
5.0,2000.0,3000.0,10226,IMP (G) T5 2000X3000 MM BLACK,5.202000000000001,0.026067797000000503
5.0,2000.0,3000.0,10226,IMP (G) T5 2000X3000 MM BLACK,5.202000000000001,0.026883721000000804
5.0,2000.0,3000.0,10226,IMP (G) T5 2000X3000 MM BLACK,5.202000000000001,0.02600000000000069
5.0,2000.0,3000.0,10226,IMP (G) T5 2000X3000 MM BLACK,5.202000000000001,0.026324324000000843
5.0,2000.0,3000.0,10226,IMP (G) T5 2000X3000 MM BLACK,5.202000000000001,0.02532155500000055
5.0,2000.0,3000.0,10226,IMP (G) T5 2000X3000 MM BLACK,5.202000000000001,0.0254714000000007
5.0,2000.0,3000.0,10226,IMP (G) T5 2000X3000 MM BLACK,5.202000000000001,0.02485714300000108
5.0,2000.0,3000.0,10226,IMP (G) T5 2000X3000 MM BLACK,5.202000000000001,0.025636364000000356
5.0,2000.0,3000.0,10226,IMP (G) T5 2000X3000 MM BLACK,5.202000000000001,0.025500000000000966
5.0,2000.0,3000.0,10226,IMP (G) T5 2000X3000 MM BLACK,5.202000000000001,0.025333333000000735
5.0,2000.0,3000.0,10226,IMP (G) T5 2000X3000 MM BLACK,5.202000000000001,0.02600000000000069
5.0,2000.0,3000.0,10226,IMP (G) T5 2000X3000 MM BLACK,5.202000000000001,0.02600000000000069
5.0,2000.0,3000.0,10226,IMP (G) T5 2000X3000 MM BLACK,5.202000000000001,0.02600000000000069
5.0,2000.0,3000.0,10226,IMP (G) T5 2000X3000 MM BLACK,5.202000000000001,0.02530316700000057
5.0,2000.0,3000.0,10226,IMP (G) T5 2000X3000 MM BLACK,5.202000000000001,0.02546153800000095
5.0,2000.0,3000.0,10226,IMP (G) T5 2000X3000 MM BLACK,5.202000000000001,0.025693380000000765
5.0,2000.0,3000.0,10226,IMP (G) T5 2000X3000 MM BLACK,5.202000000000001,0.026500000000000412
5.0,2100.0,1070.0,10246,IMP (G) T5 2100X1070 MM YELLOW,1.9481,0.01976666699999985
5.0,2100.0,1070.0,10246,IMP (G) T5 2100X1070 MM YELLOW,1.9481,0.01952857099999994
5.0,2200.0,1100.0,20088,IMP T5 2200X1100 MM GREY,2.057,0.019666667000000082
5.0,2500.0,3000.0,10268,IMP (G) T5 2500X3000 MM BLACK,6.5025,0.03977810700000095
5.0,2500.0,3000.0,10268,IMP (G) T5 2500X3000 MM BLACK,6.5025,0.051882716000000606
5.0,2500.0,3000.0,10268,IMP (G) T5 2500X3000 MM BLACK,6.5025,0.03972222200000086
5.0,2500.0,3000.0,10268,IMP (G) T5 2500X3000 MM BLACK,6.5025,0.039642857000000475
5.0,2500.0,3000.0,10268,IMP (G) T5 2500X3000 MM BLACK,6.5025,0.038409091000001006
5.0,2500.0,3000.0,10268,IMP (G) T5 2500X3000 MM BLACK,6.5025,0.040000000000000036
5.0,2500.0,3000.0,10268,IMP (G) T5 2500X3000 MM BLACK,6.5025,0.03950000000000031
5.0,2500.0,3000.0,10268,IMP (G) T5 2500X3000 MM BLACK,6.5025,0.043094059000000406
5.0,2500.0,3000.0,10268,IMP (G) T5 2500X3000 MM BLACK,6.5025,0.03750000000000053
5.0,2500.0,3000.0,10268,IMP (G) T5 2500X3000 MM BLACK,6.5025,0.03903846200000061
5.0,2500.0,3000.0,10268,IMP (G) T5 2500X3000 MM BLACK,6.5025,0.04324074100000086
5.0,2500.0,3000.0,10268,IMP (G) T5 2500X3000 MM BLACK,6.5025,0.039642857000000475
5.0,2500.0,3000.0,10268,IMP (G) T5 2500X3000 MM BLACK,6.5025,0.03750000000000053
5.0,2500.0,3000.0,10723,IMP T1.8 2500X3000 MM BLUE DO,2.1,0.12844444399999988
5.0,2500.0,3000.0,10268,IMP (G) T5 2500X3000 MM BLACK,6.5025,0.05250000000000021
5.0,2500.0,3000.0,10268,IMP (G) T5 2500X3000 MM BLACK,6.5025,0.03950000000000031
5.0,2500.0,3000.0,10268,IMP (G) T5 2500X3000 MM BLACK,6.5025,0.04529569900000041
5.0,2500.0,3000.0,10268,IMP (G) T5 2500X3000 MM BLACK,6.5025,0.039642857000000475
5.0,2500.0,3000.0,10268,IMP (G) T5 2500X3000 MM BLACK,6.5025,0.03770000000000007
5.0,2500.0,3000.0,10268,IMP (G) T5 2500X3000 MM BLACK,6.5025,0.039700000000000735
5.0,2500.0,3000.0,10268,IMP (G) T5 2500X3000 MM BLACK,6.5025,0.03950000000000031
5.0,2500.0,3000.0,10268,IMP (G) T5 2500X3000 MM BLACK,6.5025,0.03950000000000031
5.0,2500.0,3000.0,10268,IMP (G) T5 2500X3000 MM BLACK,6.5025,0.03716666700000104
5.0,2500.0,3000.0,10268,IMP (G) T5 2500X3000 MM BLACK,6.5025,0.03961340200000052
5.0,2500.0,3000.0,10268,IMP (G) T5 2500X3000 MM BLACK,6.5025,0.04344674600000076
5.0,2500.0,3000.0,20183,IMP T5 2500X3000 MM BLACK,6.375,0.04079999999999995
5.0,2500.0,3000.0,10268,IMP (G) T5 2500X3000 MM BLACK,6.5025,0.049300000000000566
5.0,2500.0,3000.0,10268,IMP (G) T5 2500X3000 MM BLACK,6.5025,0.05250000000000021
5.0,2500.0,3000.0,10268,IMP (G) T5 2500X3000 MM BLACK,6.5025,0.039618643999999925
5.0,2500.0,3000.0,10268,IMP (G) T5 2500X3000 MM BLACK,6.5025,0.04003943200000126
5.0,2500.0,3000.0,10268,IMP (G) T5 2500X3000 MM BLACK,6.5025,0.043259493999999954
5.0,2500.0,3000.0,10268,IMP (G) T5 2500X3000 MM BLACK,6.5025,0.05107142900000028
5.0,2500.0,3000.0,10268,IMP (G) T5 2500X3000 MM BLACK,6.5025,0.05107142900000028
5.0,2500.0,3000.0,10268,IMP (G) T5 2500X3000 MM BLACK,6.5025,0.039700000000000735
5.0,2500.0,3000.0,10268,IMP (G) T5 2500X3000 MM BLACK,6.5025,0.0388457760000005
5.0,2500.0,3000.0,10268,IMP (G) T5 2500X3000 MM BLACK,6.5025,0.03886363600000031
5.0,2500.0,3000.0,10268,IMP (G) T5 2500X3000 MM BLACK,6.5025,0.03952064899999996
5.0,2500.0,3000.0,29315,IMP T5 2500X3000 MM WHITE,5.7379999999999995,0.036399999999999544
5.0,2500.0,3000.0,10268,IMP (G) T5 2500X3000 MM BLACK,6.5025,0.03932926799999947
5.0,2500.0,3000.0,10268,IMP (G) T5 2500X3000 MM BLACK,6.5025,0.03950000000000031
5.0,2500.0,3000.0,10070,IMP (G) T4 2500X3000 MM BLACK,5.1,0.0470588240000005
5.0,2500.0,3000.0,10268,IMP (G) T5 2500X3000 MM BLACK,6.5025,0.040343137000000695
5.0,2500.0,3000.0,10268,IMP (G) T5 2500X3000 MM BLACK,6.5025,0.03995928299999996
5.0,2500.0,3000.0,10268,IMP (G) T5 2500X3000 MM BLACK,6.5025,0.03982809399999976
5.0,2500.0,3000.0,10268,IMP (G) T5 2500X3000 MM BLACK,6.5025,0.03963163100000067
5.0,2500.0,3000.0,10268,IMP (G) T5 2500X3000 MM BLACK,6.5025,0.03916666700000082
5.0,2500.0,3000.0,10268,IMP (G) T5 2500X3000 MM BLACK,6.5025,0.039642857000000475
5.0,2500.0,3000.0,10268,IMP (G) T5 2500X3000 MM BLACK,6.5025,0.05250000000000021
5.0,2500.0,3000.0,10268,IMP (G) T5 2500X3000 MM BLACK,6.5025,0.038750000000000284
5.0,2500.0,3000.0,10268,IMP (G) T5 2500X3000 MM BLACK,6.5025,0.039746963999999885
5.0,2500.0,3000.0,10268,IMP (G) T5 2500X3000 MM BLACK,6.5025,0.03897058799999975
5.0,2500.0,3000.0,10268,IMP (G) T5 2500X3000 MM BLACK,6.5025,0.04008620700000076
5.0,2500.0,3000.0,10268,IMP (G) T5 2500X3000 MM BLACK,6.5025,0.05250000000000021
5.0,3000.0,2000.0,10226,IMP (G) T5 2000X3000 MM BLACK,5.202000000000001,0.0262537310000015
5.0,3000.0,2000.0,10226,IMP (G) T5 2000X3000 MM BLACK,5.202000000000001,0.02625925900000059
5.0,3000.0,2500.0,20191,IMP T5 2500X3000 MM BLUE,6.15,0.010799999999999699
6.0,1040.0,1000.0,16967,IMP T4 1040X1000 MM BLACK,1.3259999999999998,0.019999999999999796
8.0,1220.0,2340.0
8.0,1220.0,2540.0,22452,IMP T8 1220X2540 MM WHITE,6.1976,0.07281884799999894
8.0,1250.0,1500.0,22505,IMP T8 1250X1500 MM WHITE 113T,3.4419999999999997,0.023261261000000033
10.0,2340.0,1500.0,10820,IMP T10 2340X1500 MM BLACK,7.1604,0.08040000000000003
10.0,2340.0,1500.0,10820,IMP T10 2340X1500 MM BLACK,7.1604,0.09539999999999971
4.0,2000.0,1025.0,10560,IMP (S) T4 2000X1025 MM,1.4219,0.017843395999999956
4.0,2000.0,1045.0,10562,IMP (S) T4 2000X1045 MM,1.4497,0.018374698999999994
4.0,2000.0,1045.0,10562,IMP (S) T4 2000X1045 MM,1.4497,0.018442058000000205
3.0,1220.0,1830.0,13368,IMP T3 1220X1830 MM WHITE LC,1.138626,0.006125999999999854
3.0,2500.0,3000.0,9912,IMP (G) T3 2500X3000 MM,3.6337,0.021557143000000334
4.0,1250.0,2500.0,10043,IMP (G) T4 1250X2500 MM YELLOW,2.1675,0.02499999999999991
4.0,2000.0,3000.0,10054,IMP (G) T4 2000X3000 MM,4.1616,0.020621407000000147
4.0,2500.0,3000.0,10071,IMP (G) T4 2500X3000 MM BLUE,5.202000000000001,0.0313750000000006
4.0,2500.0,3000.0,10071,IMP (G) T4 2500X3000 MM BLUE,5.202000000000001,0.03133333300000096
5.0,960.0,1000.0,10134,IMP (G) T5 1000X960 MM YELLOW,0.8323,0.007188889000000143
5.0,2000.0,3000.0,10226,IMP (G) T5 2000X3000 MM BLACK,5.202000000000001,0.025508772000001123
5.0,2000.0,3000.0,10226,IMP (G) T5 2000X3000 MM BLACK,5.202000000000001,0.024736842000001147
5.0,2000.0,3000.0,10226,IMP (G) T5 2000X3000 MM BLACK,5.202000000000001,0.025833333000001346
5.0,2000.0,3000.0,10226,IMP (G) T5 2000X3000 MM BLACK,5.202000000000001,0.0255714290000002
5.0,2000.0,3000.0,10226,IMP (G) T5 2000X3000 MM BLACK,5.202000000000001,0.0255714290000002
5.0,2000.0,3000.0,10226,IMP (G) T5 2000X3000 MM BLACK,5.202000000000001,0.025893805000000825
5.0,2100.0,1070.0,10246,IMP (G) T5 2100X1070 MM YELLOW,1.9481,0.021648386999999714
5.0,2500.0,3000.0,10268,IMP (G) T5 2500X3000 MM BLACK,6.5025,0.040000000000000036
5.0,2500.0,3000.0,10268,IMP (G) T5 2500X3000 MM BLACK,6.5025,0.03886363600000031
5.0,2500.0,3000.0,10268,IMP (G) T5 2500X3000 MM BLACK,6.5025,0.03933333300000008
3.0,1000.0,1600.0,10476,IMP (S) T3 1600X1000 MM BLACK,0.6452100000000001,0.0012100000000000444
3.0,2000.0,1400.0,10485,IMP (S) T3 2000X1400 MM BLACK,1.1424,0.027599999999999847
3.0,2000.0,1400.0,10485,IMP (S) T3 2000X1400 MM BLACK,1.1424,0.03159999999999985
3.0,2000.0,1600.0,10524,IMP (S) T3.2 2000X1600 MM,1.3056,0.1983999999999999
3.0,2000.0,1600.0,10524,IMP (S) T3.2 2000X1600 MM,1.3056,0.003963635999999937
4.0,1040.0,1205.0,10552,IMP (S) T4 1040X1205 MM BLUE,0.8692,0.017199999999999993
4.0,1040.0,1205.0,10552,IMP (S) T4 1040X1205 MM BLUE,0.8692,0.017469720000000022
