tanggal,kk,mesin,fg_item,fg_qty,berat_unit,fg,hold,reject,waste,trimming,scrap_usage,dl,eff_hour,dt_produksi,dt_teknik,cleaning
08/04/2021,OM/21/0134,2,1255,0,26,0,0,36,0,0,0,3,0,1.17,9.67,FALSE
09/04/2021,OM/21/0134,2,1255,0,26,0,0,1600,50,0,300,3,0,9.17,4,FALSE
10/04/2021,OM/21/0134,2,1255,22,26.5,583,0,497,165,7,360,3,2,2.67,7,FALSE
11/04/2021,OM/21/0134,2,1255,239,27.06695,6469,0,618,3,88,1790,3,21.67,1.33,1,FALSE
12/04/2021,OM/21/0134,2,1255,128,26.42188,3382,0,2189,0,63,1355,3,13,4.5,0.83,FALSE
29/04/2021,OM/21/0161,2,1255,52,30.48077,1585,0,1155,25,17,665,3,6.5,4,3.25,FALSE
14/04/2021,OM/21/0148,2,1255,20,26.55,531,0,0,0,6,66,3,1.5,0,0,FALSE
15/04/2021,OM/21/0148,2,1255,275,26.54909,7301,0,530,16,75,2300,3,21.83,1.58,0,FALSE
16/04/2021,OM/21/0148,2,1255,190,26.32632,5002,0,2279,0,62,1840,3,18.5,4.67,0,FALSE
17/04/2021,OM/21/0148,2,1255,16,26.375,422,0,233,0,5,260,3,1.5,0.5,0,FALSE
12/04/2021,OM/21/0123,2,1255,42,26.57143,1116,0,320,0,11,150,3,3.5,1.17,0,FALSE
13/04/2021,OM/21/0123,2,1255,136,26.58824,3616,0,2359,0,45,1450,3,15.25,3.75,2.5,FALSE
14/04/2021,OM/21/0123,2,1255,254,26.42126,6711,0,407,0,90,1904,3,21,0.75,0.33,FALSE
09/03/2021,OM/21/0101,2,1255,152,28.25,4294,0,1353,0,42,1580,3,14.08,2.83,0,FALSE
10/03/2021,OM/21/0101,2,1255,48,26.08333,1252,0,1855,0,13,750,3,9.17,3.83,2,FALSE
12/01/2021,OM/21/016,2,1255,4,26.25,105,0,700,0,1,350,3,0.42,2,0,FALSE
13/01/2021,OM/21/016,2,1255,198,26.30808,5209,0,1830,0,55,1950,3,18.58,4.42,1,FALSE
14/01/2021,OM/21/016,2,1255,98,26.59184,2606,0,795,0,26,941,3,9,3.33,0,FALSE
21/02/2021,OM/21/076,2,1255,2,27,54,0,90,0,1,110,3,0.5,0.67,0,FALSE
22/02/2021,OM/21/076,2,1255,224,26.66518,5973,0,878,0,69,1410,3,19.25,3,1,FALSE
23/02/2021,OM/21/076,2,1255,26,26.34615,685,0,172,0,8,160,3,2,0.5,0,FALSE
08/01/2021,OM/21/08,5,1275,270.23,5.19932,1405,0,195,0,97,395,3,9.5,1.5,0,FALSE
09/01/2021,OM/21/08,5,1275,88.28,5.19932,459,0,176,0,30,55,3,4.67,0.67,0,FALSE
25/04/2021,OM/21/0172,5,1255,98,26.35714,2583,0,205,0,23,830,3,440,40,0,FALSE
14/01/2021,OM/21/017,2,1255,82,26.58537,2180,0,1114,0,26,1317.5,5,7.92,3.75,0,FALSE
15/01/2021,OM/21/017,2,1255,205,26.29756,5391,0,1089,0,80,2482.5,5,20.5,3.5,0,FALSE
16/01/2021,OM/21/017,2,1255,99,26.29293,2603,0,244,0,39,1525,5,9.33,1,0,FALSE
23/02/2021,OM/21/077,2,1255,188,26.36702,4957,0,744,0,55,1350,3,16.75,1.75,2.5,FALSE
24/02/2021,OM/21/077,2,1255,163,26.34969,4295,0,357,0,49,1200,3,14.17,0.83,0,FALSE
07/01/2021,OM/21/07,5,1275,195.6,5.19932,1017,0,225,0,78,300,3,6.5,1.5,0,FALSE
08/01/2021,OM/21/07,5,1275,287.15,5.19932,1493,0,635,0,109,325,3,12,1,0,FALSE
31/01/2021,OM/21/045,5,1275,261.38,5.19932,1359,0,934,0,83,400,3,13.08,1.75,0.83,FALSE
01/02/2021,OM/21/045,5,1275,506.22,5.19932,2632,0,1171,0,144,640,3,21.42,2.08,0.5,FALSE
02/02/2021,OM/21/045,5,1275,650.66,5.19932,3383,0,244,0,193,720,3,22.75,1.25,0,FALSE
03/02/2021,OM/21/045,5,1275,52.31,5.19932,272,0,0,0,14,100,3,2.5,0,0,FALSE
08/04/2021,OM/21/0134,5,1255,118,26.26271,3099,0,614,0,42,900,3,8.92,1.75,0,FALSE
09/04/2021,OM/21/0134,5,1255,33,26.21212,865,0,5,0,10,70,3,3,0,0,FALSE
24/04/2021,OM/21/0171,5,1255,48,26.1875,1257,0,1699,0,17,1560,3,430,150,70,FALSE
25/04/2021,OM/21/0171,5,1255,152,26.28289,3995,0,741,0,54,1050,3,815,115,0,FALSE
21/03/2021,OM/21/0117,5,1255,71,26.43662,1877,0,350,0,23,680,3,5.08,1.42,0,FALSE
22/03/2021,OM/21/0117,5,1255,231,26.47186,6115,0,92,0,75,1670,3,18.5,0.5,0,FALSE
10/01/2021,OM/21/012,3,1255,388,26,10088,0,542,0,222,0,3,22.25,1.42,0,FALSE
11/01/2021,OM/21/012,3,1255,310,26.79355,8306,0,21,0,181,0,3,18.75,0.25,0,FALSE
15/02/2021,OM/21/067,3,1255,300,26.39333,7918,0,656,0,173,0,3,16.08,4.75,0,FALSE
16/02/2021,OM/21/067,3,1255,203,26.95567,5472,0,330,0,66,0,3,11,0.83,0,FALSE
18/02/2021,OM/21/069,3,1255,384,26.63021,10226,0,716,0,146,0,3,18.5,1.83,0,FALSE
19/02/2021,OM/21/069,3,1255,117,26,3042,0,182,0,39,0,3,6.25,0.33,0,FALSE
18/03/2021,OM/21/0107,3,1255,112,25.35714,2840,0,804,0,62,0,3,6.67,1.5,0,FALSE
19/03/2021,OM/21/0107,3,1255,173,26.20809,4534,0,182,0,50,0,3,9.42,0.58,0,FALSE
21/03/2021,OM/21/0107,3,1255,111,34,3774,0,480,0,52,0,3,8.5,0.75,0,FALSE
22/03/2021,OM/21/0107,3,1255,356,26.67135,9495,0,1299,0,147,0,3,20.17,3,0.83,FALSE
23/03/2021,OM/21/0107,3,1255,232,25.08621,5820,0,360,0,80,0,3,11.92,1.33,0,FALSE
28/03/2021,OM/21/0125,3,1255,204,26.79902,5467,0,1588,0,75,0,3,13,4.17,1,FALSE
05/04/2021,OM/21/0137,3,1255,15,59.73333,896,0,66,0,62,0,3,2,0.17,0,FALSE
06/04/2021,OM/21/0137,3,1255,460,25.21739,11600,0,252,0,127,0,3,23.5,0.5,0,FALSE
07/04/2021,OM/21/0137,3,1255,411,26.62287,10942,0,692,0,157,0,3,22,1.8,0.2,FALSE
08/04/2021,OM/21/0137,3,1255,114,26.29825,2998,0,266,0,46,0,3,6.83,0.5,0,FALSE
02/01/2021,OM/21/06,5,1275,0,5.19932,0,0,0,0,0,0,3,0,0,8,FALSE
03/01/2021,OM/21/06,5,1275,0,5.19932,0,0,0,0,0,0,3,0,0,8,FALSE
04/01/2021,OM/21/06,5,1275,0,5.19932,0,0,0,0,0,0,3,0,0,8,FALSE
05/01/2021,OM/21/06,5,1275,0,5.19932,0,0,180,0,0,25,3,0,0.33,6.5,FALSE
06/01/2021,OM/21/06,5,1275,40.97,5.19932,213,0,2412,0,15,540,3,2.83,12.42,2.58,FALSE
07/01/2021,OM/21/06,5,1275,264.84,5.19932,1377,0,1009,0,89,535,3,10.25,2,3.75,FALSE
30/01/2021,OM/21/044,5,1275,353.12,5.19932,1836,0,767,0,87,475,3,13.83,2.75,0.92,FALSE
31/01/2021,OM/21/044,5,1275,134.83,5.19932,701,0,358,0,43,200,3,5,1.5,0,FALSE
31/01/2021,OM/21/053,1,4740,5,25.2,126,0,1128,0,2,1200,4,3.33,4,0,FALSE
01/02/2021,OM/21/053,1,4740,30,27.96667,839,0,2001,0,10,2800,5,7.08,10.08,0,FALSE
02/02/2021,OM/21/053,1,4740,61,27.65574,1687,0,1612,0,21,3250,5,11.25,7.33,0,FALSE
15/02/2021,OM/21/053,1,4740,79,26,2054,0,896,0,30,2900,5,9.67,3.83,0,FALSE
16/02/2021,OM/21/049,1,4740,40,26.925,1077,0,1939,0,14,2955,5,4.92,10.08,2.17,FALSE
17/02/2021,OM/21/053,1,4740,113,25.0885,2835,0,1418,0,32,4200,5,18.17,4.17,1.67,FALSE
18/02/2021,OM/21/053,1,4740,52,26.40385,1373,0,482,0,15,1845,5,9.42,0.5,0.58,FALSE
27/01/2021,OM/21/043,2,4740,89,26.44944,2354,0,376,0,29,2709,5,12.67,1.67,0,FALSE
28/01/2021,OM/21/043,2,4740,159,25.40881,4040,0,725,0,62,4725,5,22.67,1.33,0,FALSE
29/01/2021,OM/21/043,2,4740,173,26.08092,4512,0,325,0,71,4820,5,23.33,0.67,0,FALSE
30/01/2021,OM/21/043,2,4740,112,26.24107,2939,0,615,0,47,1885,5,16.17,1.25,0,FALSE
30/01/2021,OM/21/049,2,4740,47,26.2766,1235,0,119,0,20,1340,5,6.08,0.5,0,FALSE
31/01/2021,OM/21/049,2,4740,112,26.25,2940,0,1307,0,48,4235,5,18.67,2,0,FALSE
09/01/2021,OM/21/09,5,1275,384.67,5.19932,2000,0,928,0,116,895,3,14.33,2.5,0.67,FALSE
10/01/2021,OM/21/09,5,1275,51.74,5.19932,269,0,0,0,1,50,3,1.58,0,0,FALSE
10/03/2021,OM/21/097,5,1255,20,18.85,377,0,1509,0,6,200,3,1.25,1.83,5.5,FALSE
12/03/2021,OM/21/097,5,1255,201,26.52239,5331,0,587,0,0,1460,3,17.17,1.08,0,FALSE
19/01/2021,OM/21/033,2,1255,56,26.30357,1473,0,1719,0,23,550,3,7.08,3.42,1,FALSE
20/01/2021,OM/21/033,2,1255,176,26.22727,4616,0,1776,0,53,1900,3,17.92,4.33,0,FALSE
21/01/2021,OM/21/033,2,1255,61,26.03279,1588,0,1333,0,14,650,3,5.83,5.75,0,FALSE
25/02/2021,OM/21/079,2,1255,178,26.22472,4668,0,1203,0,57,1650,3,15.75,1.25,0,FALSE
26/02/2021,OM/21/079,2,1255,283,26.45583,7487,0,414,0,74,2250,3,22.83,1.17,0,FALSE
27/02/2021,OM/21/079,2,1255,41,26.36585,1081,0,177,0,12,375,3,4.67,0.5,0,FALSE
16/02/2021,OM/21/038,3,1255,231,26.28571,6072,0,160,0,79,0,3,11.92,0.25,0,FALSE
17/02/2021,OM/21/038,3,1255,170,26.31176,4473,0,0,0,58,0,3,8.75,0,0,FALSE
17/02/2021,OM/21/068,3,1255,297,25.96633,7712,0,68,0,106,0,3,15,0.25,0,FALSE
18/02/2021,OM/21/068,3,1255,55,26.29091,1446,0,369,0,18,0,3,2.5,1.17,0,FALSE
19/03/2021,OM/21/0113,3,1255,207,24.76812,5127,0,1150,0,72,0,3,10.5,3.33,0.17,FALSE
20/03/2021,OM/21/0113,3,1255,259,27.2973,7070,0,2244,0,89,0,3,16.67,5.17,0,FALSE
21/03/2021,OM/21/0113,3,1255,137,26.81752,3674,0,1089,0,49,0,3,10.75,3.17,0,FALSE
28/03/2021,OM/21/0113,5,1255,263,26.40684,6945,0,815,0,86,2550,3,21,1.83,0,FALSE
29/03/2021,OM/21/0113,5,1255,137,26.29927,3603,0,103,0,36,1350,3,9.83,0.17,0,FALSE
19/01/2021,OM/21/030,3,1255,208,26.42788,5497,0,1096,0,87,1860,3,12.5,2.75,0.17,FALSE
07/04/2021,OM/21/0138,5,1255,265,26.40755,6998,0,408,0,81,2100,3,18.75,0.5,0,FALSE
08/04/2021,OM/21/0138,5,1255,137,26.36496,3612,0,203,0,49,1000,3,9.75,0.58,0,FALSE
10/01/2021,OM/21/018,2,1363,125,18.896,2362,0,398,0,30,1008,3,7.75,0.58,0,FALSE
11/01/2021,OM/21/018,2,1363,314,18.73248,5882,0,622,0,86,2706,3,21.42,1.67,0,FALSE
12/01/2021,OM/21/018,2,1363,322,18.86957,6076,0,103,0,75,1520,3,21,0.58,0,FALSE
27/02/2021,OM/21/078,2,1363,228,18.62719,4247,0,414,0,64,1290,3,15.17,1.17,1,FALSE
28/02/2021,OM/21/078,2,1363,226,19.62832,4436,0,400,0,42,1270,3,15.17,0.58,0.25,FALSE
09/03/2021,OM/21/091,5,1363,58,18.7931,1090,0,970,0,14,380,3,4.75,1.75,2.33,FALSE
10/03/2021,OM/21/091,5,1363,172,18.77326,3229,0,602,0,51,1100,3,11.67,1.25,0,FALSE
22/03/2021,OM/21/0114,5,1363,37,18.81081,696,0,377,0,10,300,3,2.83,1.5,0,FALSE
23/03/2021,OM/21/0114,5,1363,348,18.78448,6537,0,1064,0,114,2125,3,21.42,2.33,0,FALSE
24/03/2021,OM/21/0114,5,1363,167,18.8024,3140,0,310,0,41,720,3,9.67,1.08,0,FALSE
04/04/2021,OM/21/0132,5,1363,320,18.75938,6003,0,123,0,70,0,3,20,0.92,0,FALSE
05/04/2021,OM/21/0132,5,1363,183,18.80328,3441,0,199,0,49,390,3,9.83,0,0.5,FALSE
18/04/2021,OM/21/0156,5,1363,300,18.54,5562,0,412.3,1,75,1660,3,16.67,1.17,0,FALSE
19/04/2021,OM/21/0156,5,1363,334,18.75449,6264,0,600,0,92,1850,3,19.25,1.33,0,FALSE
02/01/2021,OM/21/02,1,1363,43,18.60465,800,0,942,0,13,758,5,5.58,2.58,9.5,FALSE
03/01/2021,OM/21/02,1,1363,0,18,0,0,280,0,0,135,5,0,1.42,21.58,FALSE
04/01/2021,OM/21/02,1,1363,61,18.7541,1144,0,758,0,18,827,5,8.75,3.08,8.75,FALSE
05/01/2021,OM/21/02,1,1363,28,18.75,525,0,1505,0,9,977,5,4.5,7.58,0,FALSE
06/01/2021,OM/21/02,1,1363,46,18.73913,862,0,1152,0,15,1285,5,6,3.67,0,FALSE
04/01/2021,OM/21/03,2,1363,53,18.88679,1001,0,556,0,9,500,3,3.83,1.5,0,FALSE
05/01/2021,OM/21/03,2,1363,257,18.84047,4842,0,1291,0,65,1520,3,17.92,2.83,0,FALSE
06/01/2021,OM/21/02B,2,1363,268,18.80224,5039,0,876,0,72,1425,3,20.25,2.75,0,FALSE
07/01/2021,OM/21/02B,2,1363,60,18.7,1122,0,70,0,18,340,3,4.17,2,0,FALSE
16/01/2021,OM/21/032,2,1363,141,18.42553,2598,0,603,0,40,1305,5,11.42,2.25,0,FALSE
17/01/2021,OM/21/032,2,1363,58,18.74138,1087,0,285,0,15,420,5,5,0.83,0,FALSE
13/02/2021,OM/21/061,2,1363,70,18.8,1316,0,689,0,18,750,3,5.83,2.33,1.33,FALSE
14/02/2021,OM/21/061,2,1363,59,18.74576,1106,0,875,0,19,550,3,7.33,2.83,2,FALSE
15/02/2021,OM/21/061,2,1363,172,18.77907,3230,0,1309,0,50,1000,3,15.33,3.17,0,FALSE
24/02/2021,OM/21/075,2,1363,125,18.376,2297,0,240,0,22,675,3,8.08,0.92,0,FALSE
25/02/2021,OM/21/075,2,1363,80,18.725,1498,0,280,0,24,525,3,6.67,0.33,0,FALSE
02/03/2021,OM/21/087,2,1363,66,18.72727,1236,0,202,0,12,700,5,4.5,1.17,0,FALSE
03/03/2021,OM/21/087,2,1363,315,18.94921,5969,0,499,0,73,3150,5,22.08,1.67,0.25,FALSE
04/03/2021,OM/21/087,2,1363,130,19.15385,2490,0,539,0,39,2325,5,8.92,0.92,0,FALSE
17/04/2021,OM/21/0153,2,1363,189,18.29101,3457,0,1909,0,44,1550,3,16.58,4.42,0,FALSE
18/04/2021,OM/21/0153,2,1363,113,21.00885,2374,0,965,0,36,1325,3,9.17,2.75,0,FALSE
19/03/2021,OM/21/0115,5,1363,155,18.8129,2916,0,577,0,55,925,3,11.5,1.75,0,FALSE
20/03/2021,OM/21/0115,5,1363,294,18.81973,5533,0,1183,0,66,1825,3,18.83,3.67,0,FALSE
21/03/2021,OM/21/0115,5,1363,90,18.83333,1695,0,27,0,21,550,3,7,0.25,0,FALSE
22/04/2021,OM/21/0169,5,1363,5,18.8,94,0,87,0,2,0,3,0.5,0.33,0,FALSE
23/04/2021,OM/21/0169,5,1363,356,18.81461,6698,0,772,0,103,2420,3,1305,135,0,FALSE
24/04/2021,OM/21/0169,5,1363,139,18.85612,2621,0,99,0,33,1040,3,485,5,0,FALSE
26/03/2021,OM/21/0124,5,1363,214,18.79907,4023,0,295,14,64,1230,3,12.5,0.67,0,FALSE
27/03/2021,OM/21/0124,5,1363,279,18.82796,5253,0,995,0,67,1630,3,17.08,2.42,3.25,FALSE
28/03/2021,OM/21/0124,5,1363,14,18.78571,263,0,80,0,4,150,3,0.8,0.17,0,FALSE
04/01/2021,OM/21/010,3,1363,411,18.89781,7767,0,547,0,144,0,3,17.42,0.58,0,FALSE
05/01/2021,OM/21/010,3,1363,88,18.79545,1654,0,0,0,32,0,3,3.92,0,0,FALSE
05/01/2021,OM/21/011,3,1363,239,18.68619,4466,0,595,0,107,0,3,9.95,0.25,10.08,FALSE
06/01/2021,OM/21/011,3,1363,262,18.77099,4918,0,184,0,78,0,3,11.67,0.75,6,FALSE
24/01/2021,OM/21/046,3,1363,100,18.92,1892,0,1060,0,28,0,3,5.5,3.5,0,FALSE
25/01/2021,OM/21/046,3,1363,459,18.68627,8577,0,279,0,131,0,3,20.75,0.58,0,FALSE
10/02/2021,OM/21/060,3,1363,140,18.79286,2631,0,648,0,48.4,0,3,7.75,1.75,1.67,FALSE
11/02/2021,OM/21/060,3,1363,455,18.81099,8559,0,649,0,157,0,3,20.75,0.92,1,FALSE
13/02/2021,OM/21/060,3,1363,405,18.98272,7688,0,90,0,141,0,3,17.92,0.33,0,FALSE
13/02/2021,OM/21/066,3,1363,107,19.57009,2094,0,0,0,37,0,3,4.5,0,0,FALSE
14/02/2021,OM/21/066,3,1363,524,19.06679,9991,0,291,0,183,0,3,23.25,0.33,0,FALSE
15/02/2021,OM/21/066,3,1363,70,18.8,1316,0,0,0,24,0,3,3.17,0,0,FALSE
19/02/2021,OM/21/071,3,1363,340,18.60588,6326,0,1049,0,100,0,3,14.42,3,0,FALSE
20/02/2021,OM/21/071,3,1363,514,18.84047,9684,0,559,0,152,0,3,22.5,1.5,0,FALSE
21/02/2021,OM/21/071,3,1363,151,18.60265,2809,0,16,0,45,0,3,6.08,0.17,0,FALSE
22/02/2021,OM/21/071,3,1363,133,18.19549,2420,0,200,0,39,0,3,6.08,0.5,0,FALSE
28/02/2021,OM/21/086,3,1363,364,18.63462,6783,0,500,0,129,0,3,16.33,0.83,0,FALSE
01/03/2021,OM/21/086,3,1363,468,19.40171,9080,0,542,0,125,0,3,21.17,1.5,0,FALSE
02/03/2021,OM/21/086,3,1363,213,18.28169,3894,0,25,0,51,0,3,9.25,0.17,0,FALSE
15/03/2021,OM/21/0105,3,1363,272,19.49632,5303,0,585,0,95,0,3,12.83,1.5,0.17,FALSE
16/03/2021,OM/21/0105,3,1363,543,18.54696,10071,0,129,0,165,0,3,23.58,0.42,0,FALSE
17/03/2021,OM/21/0105,3,1363,546,18.79121,10260,0,424,0,176,0,3,23.25,0.75,0,FALSE
18/03/2021,OM/21/0105,3,1363,205,18.61951,3817,0,79,0,63,0,3,9.08,0.17,0,FALSE
28/03/2021,OM/21/0126,3,1363,10,18.2,182,0,263,0,3,0,3,0.5,0.5,0,FALSE
29/03/2021,OM/21/0126,3,1363,44,18.72727,824,0,0,0,13,0,3,2,0,0,FALSE
03/04/2021,OM/21/0133,3,1363,482,18.82158,9072,0,534,0,128,0,3,22.33,1.67,0,FALSE
04/04/2021,OM/21/0133,3,1363,582,18.72165,10896,0,100,0,168,0,3,23.5,0.5,0,FALSE
05/04/2021,OM/21/0133,3,1363,438,19.44064,8515,0,678,0,131,0,3,20,1.83,0,FALSE
16/04/2021,OM/21/0154,3,1363,401,18.85037,7559,0,110,0,127,0,3,19.33,0.17,0,FALSE
17/04/2021,OM/21/0154,3,1363,99,19.19192,1900,0,40,0,29,0,3,4.33,0.17,0,FALSE
17/04/2021,OM/21/0155,3,1363,415,18.8988,7843,0,100,0,111,0,3,19.17,0.33,0,FALSE
18/04/2021,OM/21/0155,3,1363,491,18.9776,9318,0,475,0,107,0,3,22.25,1.25,0,FALSE
19/04/2021,OM/21/0155,3,1363,94,18.75532,1763,0,100,0,22,0,3,4.25,0.25,0,FALSE
20/04/2021,OM/21/0160,3,1363,271,18.91882,5127,0,420,0,73,0,3,12.83,1.17,5.5,FALSE
21/04/2021,OM/21/0160,3,1363,231,18.7316,4327,0,60,0,61,0,3,10.42,0.25,0,FALSE
29/03/2021,OM/21/0126,5,1363,217,18.54839,4025,0,402,0,53,1050,3,12.75,1,0,FALSE
30/03/2021,OM/21/0126,5,1363,360,18.81944,6775,0,792,0,103,2600,3,22.25,1.75,0,FALSE
31/03/2021,OM/21/0126,5,1363,137,18.84672,2582,0,64,0,35,680,3,7.92,0.08,0,FALSE
26/01/2021,OM/21/047,1,4744,5,18.6,93,0,166,0,1,230,4,1.5,1,0,FALSE
27/01/2021,OM/21/047,1,4744,183,18.7377,3429,0,527,0,44,3920,4,21,1.58,0,FALSE
28/01/2021,OM/21/047,1,4744,144,17.57639,2531,0,882,0,32,3760,4,16.58,1,6.42,FALSE
29/01/2021,OM/21/047,1,4744,56,18.125,1015,0,88,0,12,1090,4,5.25,0.25,0,FALSE
29/01/2021,OM/21/048,1,4744,162,18.7716,3041,0,501,0,48,3530,4,14.75,0.92,0.33,FALSE
30/01/2021,OM/21/048,1,4744,223,18.67265,4164,0,735,0,66,4870,4,22,2,0,FALSE
31/01/2021,OM/21/048,1,4744,114,18.84211,2148,0,333,0,29,2480,4,11.92,1.75,0,FALSE
03/02/2021,OM/21/054,1,4744,29,18.86207,547,0,1489,0,8,2575,5,5,10.42,0,FALSE
04/02/2021,OM/21/054,1,4744,208,18.75,3900,0,528,0,62,4380,5,22,1,1,FALSE
05/02/2021,OM/21/054,1,4744,185,17.52973,3243,0,773,0,49,3990,5,18.75,5,0,FALSE
06/02/2021,OM/21/054,1,4744,78,18.85897,1471,0,348,0,21,1800,5,8.33,1.83,0.25,FALSE
06/02/2021,OM/21/056,1,4744,80,18.6,1488,0,595,0,26,2050,5,8.83,2.67,0,FALSE
07/02/2021,OM/21/056,1,4744,184,18.59783,3422,0,635,0,53,4040,5,19.83,2.17,0.5,FALSE
08/02/2021,OM/21/056,1,4744,180,18.87222,3397,0,803,0,50,4150,5,19.5,4.5,0,FALSE
09/02/2021,OM/21/056,1,4744,55,18.72727,1030,0,200,0,13,1225,5,5,0.92,0,FALSE
09/02/2021,OM/21/058,1,4744,135,19.99259,2699,0,548,0,35,3225,5,14.17,1.17,1.75,FALSE
10/02/2021,OM/21/058,1,4744,163,18.77914,3061,0,1283,0,41,4280,5,15.17,6.5,0,FALSE
11/02/2021,OM/21/058,1,4744,170,18.74706,3187,0,684,0,54,3840,5,17.33,2.92,1,FALSE
13/02/2021,OM/21/058,1,4744,26,18.84615,490,0,827,0,6,1180,5,2.25,3.75,11,FALSE
14/02/2021,OM/21/059,1,4744,175,18.66286,3266,0,906,0,45,4280,5,18.67,1.75,1.75,FALSE
15/02/2021,OM/21/059,1,4744,78,18.73077,1461,0,153,0,21,1620,5,8,0.5,0,FALSE
06/03/2021,OM/21/092,1,4744,26,18.73077,487,0,951,0,7,1500,5,3.67,5.83,12,FALSE
07/03/2021,OM/21/092,1,4744,90,18.77778,1690,0,1080,0,25,2700,5,10.92,6.92,3.08,FALSE
08/03/2021,OM/21/092,1,4744,98,18.84694,1847,0,1649,0,29,3430,5,11.17,10.17,0.33,FALSE
09/03/2021,OM/21/092,1,4744,0,18,0,0,835,0,0,820,5,0,6.58,3.5,FALSE
10/03/2021,OM/21/092,1,4744,105,18.89524,1984,0,454,0,30,3250,5,14.75,6.17,0.33,FALSE
24/03/2021,OM/21/0112,1,4744,23,18.69565,430,0,377,51,7,1055,5,3.83,2.17,0,FALSE
25/03/2021,OM/21/0112,1,4744,73,18.79452,1372,0,1525,45,21,2930,5,11.67,7.25,0.5,FALSE
26/03/2021,OM/21/0112,1,4744,130,11.04615,1436,0,849,0,31,3283,5,11.58,4.42,6.33,FALSE
27/03/2021,OM/21/0112,1,4744,80,18.7875,1503,0,499,0,23,2240,5,10.58,2.58,0.5,FALSE
28/03/2021,OM/21/0112,1,4744,47,18.7234,880,0,190,0,12,1075,5,4.25,1,1.25,FALSE
28/03/2021,OM/21/0116,1,4744,146,18.76712,2740,0,285,0,39,3000,5,16.33,0.92,0,FALSE
29/03/2021,OM/21/0116,1,4744,219,18.78995,4115,0,397,0,52,4435,5,23,1,0,FALSE
30/03/2021,OM/21/0116,1,4744,223,18.76682,4185,0,127,0,54,4375,5,23.33,0.67,0,FALSE
31/03/2021,OM/21/0116,1,4744,87,18.81609,1637,0,152,0,32,1800,5,10.42,0.17,0,FALSE
31/03/2021,OM/21/0127,1,4744,92,18.80435,1730,0,237,0,20,2000,5,10.67,2.58,0,FALSE
01/04/2021,OM/21/0127,1,4744,194,18.78351,3644,0,183,0,51,3875,5,21.33,0.67,0,FALSE
04/04/2021,OM/21/0127,1,4744,46,20,920,0,600,0,3,1428,5,7.5,6,0.5,FALSE
05/04/2021,OM/21/0127,1,4744,134,18.79851,2519,0,651,0,106,3133,5,18.83,3.08,1,FALSE
06/04/2021,OM/21/0127,1,4744,34,18.64706,634,0,140,0,4,760,5,3.67,1,0,FALSE
06/04/2021,OM/21/0136,1,4744,102,18.7549,1913,0,250,0,16,2116,5,11.08,2,0,FALSE
07/04/2021,OM/21/0136,1,4744,162,18.7963,3045,0,795,0,38,3629,5,18.17,3.33,0,FALSE
08/04/2021,OM/21/0136,1,4744,87,18.72414,1629,0,744,19,24,2380,5,11.08,4.92,4.92,FALSE
09/04/2021,OM/21/0136,1,4744,117,18.83761,2204,0,389,0,60,2620,5,14,2,3,FALSE
10/04/2021,OM/21/0136,1,4744,115,18.72174,2153,0,945,15,21,3120,5,18.25,3.12,0.5,FALSE
11/04/2021,OM/21/0136,1,4744,136,18.75,2550,0,811,0,38,3350,5,18,4.25,1.17,FALSE
12/04/2021,OM/21/0136,1,4744,32,18.8125,602,0,311,0,10,915,5,4,1,0,FALSE
12/04/2021,OM/21/0150,1,4744,136,18.75,2550,0,56,0,56,2615,5,16.25,0.67,0.33,FALSE
13/04/2021,OM/21/0150,1,4744,79,18.70886,1478,0,114,2,15,1567,5,15.17,4.83,1.5,FALSE
14/04/2021,OM/21/0150,1,4744,96,17.77083,1706,0,92,5,23,1783,5,14.33,2.17,0,FALSE
23/01/2021,OM/21/036,2,4744,65,18.66154,1213,0,2049,0,13,3170,5,11.25,5.75,3,FALSE
24/01/2021,OM/21/036,2,4744,162,18.82716,3050,0,1536,0,21,4980,5,17.25,6.33,0,FALSE
25/01/2021,OM/21/036,2,4744,115,18.65217,2145,0,1277,0,38,3395,5,12.33,6.42,0,FALSE
26/01/2021,OM/21/036,2,4744,144,18.82639,2711,0,763,0,43,3135,5,15.67,0.5,1,FALSE
26/01/2021,OM/21/047B,2,4744,49,18.73469,918,0,405,0,11,1625,5,5.5,1,0,FALSE
27/01/2021,OM/21/047B,2,4744,46,18.71739,861,0,580,0,16,1427,5,3.33,2.17,1,FALSE
05/02/2021,OM/21/057,2,4744,27,18.66667,504,0,630,0,9,1109,4,4.08,3.08,4,FALSE
06/02/2021,OM/21/057,2,4744,138,18.44203,2545,0,1186,0,37,3716,4,14.83,4.33,1.17,FALSE
07/02/2021,OM/21/057,2,4744,176,18.80114,3309,0,932,0,64,4225,4,18.75,2.58,0.5,FALSE
08/02/2021,OM/21/057,2,4744,159,18.74214,2980,0,696,0,55,3700,4,15.5,3.17,0,FALSE
08/02/2021,OM/21/059,2,4744,26,18.69231,486,0,270,0,8,690,4,2.5,1.33,0,FALSE
09/02/2021,OM/21/059,2,4744,253,18.55336,4694,0,674,0,87,5360,4,20.83,3.17,0,FALSE
10/02/2021,OM/21/059,2,4744,27,18.88889,510,0,190,0,10,700,4,2.5,0.5,0,FALSE
10/03/2021,OM/21/0103,2,4744,4,22,88,0,752,0,2,830,5,1.67,1.92,0.25,FALSE
12/03/2021,OM/21/0103,2,4744,190,18.63684,3541,0,595,0,44,4040,5,15.25,1,1.75,FALSE
13/03/2021,OM/21/0103,2,4744,249,18.85542,4695,0,480,0,110,5175,5,18.42,3.17,0,FALSE
15/03/2021,OM/21/0103,2,4744,57,18.84211,1074,0,238,0,27,1310,5,4.75,0.75,0.5,FALSE
15/03/2021,OM/21/092,2,4744,191,17.84817,3409,0,509,0,70,3866,5,12.83,1.42,0.75,FALSE
16/03/2021,OM/21/0102,2,4744,296,18.79392,5563,0,814,0,82,6385,5,20.83,3.17,0,FALSE
17/03/2021,OM/21/0102,2,4744,204,18.7402,3823,0,600,1,53,4429,5,15.92,1.67,0.83,FALSE
17/03/2021,OM/21/0110,2,4744,55,18.76364,1032,0,234,0,15,1261,5,5,0.58,0,FALSE
18/03/2021,OM/21/0110,2,4744,266,15.96241,4246,0,1058,0,76,5433,5,19.25,2.92,0,FALSE
19/03/2021,OM/21/0110,2,4744,224,18.70982,4191,0,1400,0,62,5585,5,18.83,2.92,0,FALSE
19/03/2021,OM/21/0111,2,4744,20,18.7,374,0,161,0,6,545,5,1.5,0,0.75,FALSE
20/03/2021,OM/21/0111,2,4744,317,18.76025,5947,0,325,1,90,6190,5,23.5,0.17,0.33,FALSE
21/03/2021,OM/21/0111,2,4744,156,18.72436,2921,0,77,0,43,3430,5,11.83,0.17,0,FALSE
21/03/2021,OM/21/0112,2,4744,112,18.75893,2101,0,400,0,30,2500,5,9.33,1.67,0,FALSE
22/03/2021,OM/21/0112,2,4744,35,18.74286,656,0,124,0,10,785,5,4,0.25,0,FALSE
29/03/2021,OM/21/0128,2,4744,82,18.80488,1542,0,585,0,23,2200,5,8.75,3.08,0,FALSE
30/03/2021,OM/21/0128,2,4744,200,18.79,3758,0,845,0,57,4600,5,19.33,2.33,2.33,FALSE
31/03/2021,OM/21/0128,2,4744,3,18.66667,56,0,868,0,1,900,5,0.25,8.42,12.58,FALSE
17/01/2021,OM/21/026,2,1363,194,18.81443,3650,0,668,0,50,2050,5,14.92,3.25,0,FALSE
18/01/2021,OM/21/026,2,1363,109,18.70642,2039,0,660,0,33,1171,5,8.5,1.75,0,FALSE
11/02/2021,OM/21/063,2,1363,148,18.82432,2786,0,1151,0,48,950,3,10.17,2.5,1.33,FALSE
13/02/2021,OM/21/063,2,1363,156,18.97436,2960,0,470,0,37,830,3,9.92,1.25,0,FALSE
28/02/2021,OM/21/089,2,1363,86,18.72093,1610,0,7,0,27,550,3,5.42,1.08,0,FALSE
01/03/2021,OM/21/089,2,1363,216,19.24074,4156,0,433,0,43.8,1200,3,14.42,1.08,0,FALSE
18/04/2021,OM/21/0149,2,1363,96,22.4375,2154,0,375,0,28,675,3,7.17,0.83,0,FALSE
19/04/2021,OM/21/0149,2,1363,110,18.82727,2071,0,240,0,31,440,3,7.67,0.33,0,FALSE
24/03/2021,OM/21/0121,5,1363,208,18.81731,3914,0,447,0,62,950,3,12.67,0.58,0,FALSE
25/03/2021,OM/21/0121,5,1363,92,18.8587,1735,0,136,0,21,280,3,5.58,0.42,0,FALSE
21/04/2021,OM/21/0149,5,1363,233,18.85408,4393,0,496,0,53,1130,3,12.67,0.1,0,FALSE
22/04/2021,OM/21/0149,5,1363,367,18.77384,6890,0,1157,0,67,2370,3,20.5,2.42,0.25,FALSE
18/02/2021,OM/21/070,1,1363,3,19,57,0,607,0,1,150,3,0.33,2,9.17,FALSE
02/01/2021,OM/21/01,2,1363,233,18.6867,4354,0,406,0,69,1230,3,14.83,2.25,0,FALSE
03/01/2021,OM/21/01,2,1363,335,18.69552,6263,0,479,0,83,1430,3,22,1.58,0,FALSE
04/01/2021,OM/21/01,2,1363,238,18.7521,4463,0,441,0,61,1400,3,14.83,1,0.33,FALSE
07/01/2021,OM/21/014,2,1363,205,18.73659,3841,0,1355,0,62,1275,3,15.67,0,2.17,FALSE
08/01/2021,OM/21/014,2,1363,293,18.79181,5506,0,621,0,83,1825,3,20.83,2.67,0,FALSE
09/01/2021,OM/21/015,2,1363,343,18.84548,6464,0,175,0,86,1450,3,22.08,1.92,0,FALSE
10/01/2021,OM/21/015,2,1363,164,18.81098,3085,0,531,0,39,680,3,13.67,2,0,FALSE
18/01/2021,OM/21/031,2,1363,135,18.85926,2546,0,237,0,37,490,3,10.33,0.83,0,FALSE
19/01/2021,OM/21/031,2,1363,115,18.72174,2153,0,637,0,33,420,3,9.17,2.67,0,FALSE
15/02/2021,OM/21/062,2,1363,56,18.71429,1048,0,519,0,18,350,3,4.17,1.33,0,FALSE
16/02/2021,OM/21/062,2,1363,343,19.79883,6791,0,300,0,99,2140,3,22.33,1.5,0.17,FALSE
17/02/2021,OM/21/062,2,1363,281,19.47331,5472,0,1154,0,69,1000,3,20.17,2.33,0,FALSE
18/02/2021,OM/21/062,2,1363,69,18.91304,1305,0,140,0,15,300,3,4.75,0.75,0,FALSE
19/02/2021,OM/21/062,2,1363,225,18.82667,4236,0,968,0,66,1500,3,16.42,1.17,3.42,FALSE
20/02/2021,OM/21/062,2,1363,63,21.52381,1356,0,526,0,18,750,3,5.5,0.67,0.25,FALSE
09/04/2021,OM/21/0146,3,1363,390,19.07949,7441,0,818,0,140,0,3,17.58,2.08,0,FALSE
10/04/2021,OM/21/0146,3,1363,518,18.7278,9701,0,643,0,151,0,3,22.83,1.17,0,FALSE
11/04/2021,OM/21/0146,3,1363,92,18.65217,1716,0,420,0,26,0,3,3.92,0.5,0,FALSE
11/04/2021,OM/21/0147,3,1363,436,18.73853,8170,0,348,0,130,0,3,19.08,0.5,0,FALSE
12/04/2021,OM/21/0147,3,1363,467,18.98715,8867,0,1054,2,136,0,3,21.5,2.25,0,FALSE
13/04/2021,OM/21/0147,3,1363,530,18.75849,9942,0,137,0,162,0,3,23.58,0.42,0,FALSE
14/04/2021,OM/21/0147,3,1363,62,18.74194,1162,0,30,0,18,0,3,3.17,0.08,0,FALSE
14/04/2021,OM/21/0152,3,1363,462,18.72944,8653,0,291,0,146,0,3,19.95,0.8,0,FALSE
15/04/2021,OM/21/0152,3,1363,442,19.29864,8530,0,983,0,128,0,3,21.32,2.22,0,FALSE
16/04/2021,OM/21/0152,3,1363,98,18.97959,1860,0,116,0,28,0,3,4,0.5,0,FALSE
21/02/2021,OM/21/070,5,1363,0,18,0,0,950,0,0,295,3,0,0,0,FALSE
22/02/2021,OM/21/070,5,1363,83,7.92771,658,0,1640,0,25,875,3,5.08,1.83,16.58,FALSE
23/02/2021,OM/21/070,5,1363,329,18.68389,6147,0,681,0,76,2050,3,19.75,1.25,1,FALSE
24/02/2021,OM/21/070,5,1363,122,18.72951,2285,0,317,0,31,350,3,8.33,1.67,0.5,FALSE
24/02/2021,OM/21/073,5,1363,212,18.76887,3979,0,142,0,65,1250,3,12,0.17,1.33,FALSE
25/02/2021,OM/21/073,5,1363,268,18.75746,5027,0,207,0,60,1450,3,15.58,0.17,0,FALSE
15/03/2021,OM/21/0104,5,1363,220,18.75455,4126,0,1260,0,52,1240,3,14.33,2.67,0,FALSE
16/03/2021,OM/21/0104,5,1363,282,18.78369,5297,0,451,0,67,1500,3,16.17,0.75,0,FALSE
25/03/2021,OM/21/0122,5,1363,322,18.81677,6059,0,139,0,82,2000,3,17.83,0.17,0,FALSE
26/03/2021,OM/21/0122,5,1363,183,18.81967,3444,0,85,0,45,1150,3,10.5,0.33,0,FALSE
31/03/2021,OM/21/0129,5,1363,251,18.84064,4729,0,348,0,52,1470,3,15.58,0.42,0,FALSE
01/04/2021,OM/21/0129,5,1363,151,18.82119,2842,0,348,0,37,650,3,9.67,0.17,0,FALSE
01/04/2021,OM/21/0131,5,1363,210,18.8,3948,0,165,0,54,920,3,11.75,0.25,0,FALSE
03/04/2021,OM/21/0131,5,1363,343,18.6793,6407,0,554,0,84,1690,3,20,1,0,FALSE
04/04/2021,OM/21/0131,5,1363,46,18.84783,867,0,128,0,12,0,3,2.5,0.58,0,FALSE
01/03/2021,OM/21/090,2,1363,56,18.75,1050,0,365,0,18,560,3,4.17,0.83,0,FALSE
02/03/2021,OM/21/090,2,1363,297,18.49495,5493,0,46,0,54,1900,3,25.17,0,0,FALSE
19/01/2021,OM/21/027,3,1363,100,18.75,1875,0,221,0,34,620,3,5,1.17,0,FALSE
20/01/2021,OM/21/027,3,1363,533,18.68668,9960,0,670,0,146,3520,3,23.08,0.92,0,FALSE
21/01/2021,OM/21/027,3,1363,171,18.82456,3219,0,1190,0,47,0,3,9.83,0.75,0,FALSE
16/03/2021,OM/21/0109,5,1363,92,18.76087,1726,0,552,0,24,650,3,6,1.08,0,FALSE
17/03/2021,OM/21/0109,5,1363,354,18.78814,6651,0,279,0,88,1570,3,19.75,0.42,0.58,FALSE
05/04/2021,OM/21/0135,5,1363,206,18.82039,3877,0,182,0,51,1400,3,11.92,1,0,FALSE
06/04/2021,OM/21/0135,5,1363,410,18.79756,7707,0,456,0,75,2360,3,22.5,1.5,0,FALSE
07/04/2021,OM/21/0135,5,1363,83,18.86747,1566,0,283,0,19,320,3,4.5,0.25,0,FALSE
19/04/2021,OM/21/0159,5,1363,58,18.81034,1091,0,140,0,15,550,3,3.33,0.08,0,FALSE
20/04/2021,OM/21/0159,5,1363,438,18.90868,8282,0,153,0,103,1900,3,23.75,0.25,0,FALSE
21/04/2021,OM/21/0159,5,1363,206,18.76214,3865,0,32,0,47,750,3,11.05,0.15,0,FALSE
05/04/2021,ST21/013,9,2403,1089.42,3.69371,4024,0,500,0,601,0,4,17.83,1.58,1.83,FALSE
06/04/2021,ST21/013,9,2403,395.81,3.69371,1462,0,70,0,244,125,4,6.67,0.58,0,FALSE
21/02/2021,ST21/12,9,2403,703.36,3.69371,2598,0,415,6,446,50,4,14,2,0,FALSE
22/02/2021,ST21/12,9,2403,924,3.69371,3413,115,1040,0,612,550,4,20.75,2.58,0.67,FALSE
23/02/2021,ST21/12,9,2403,459.16,3.69371,1696,206,211,0,282,300,4,10.25,0.75,0,FALSE
23/02/2021,ST21/11,9,2403,599.94,3.69371,2216,0,28,0,390,500,4,10,0.25,0,FALSE
03/04/2021,ST21/0175,9,2403,620.24,3.69371,2291,0,197,0,392,350,4,10.17,0.83,3.17,FALSE
04/04/2021,ST21/0175,9,2403,1251.86,3.69371,4624,0,661,0,795,1247,4,21.75,2.25,0,FALSE
05/04/2021,ST21/0175,9,2403,123.45,3.69371,456,0,186,0,67,21,4,1.92,0.33,0,FALSE
14/04/2021,ST21/026,9,2403,350.6,3.69371,1295,0,353,0,225,650,4,6.67,1,1.33,FALSE
15/04/2021,ST21/026,9,2403,1432.17,3.69371,5290,0,341,3,849,1050,4,22.75,0.75,0,FALSE
16/04/2021,ST21/026,9,2403,1174.43,3.69371,4338,0,242,0,740,800,4,19.08,0.83,0,FALSE
23/02/2021,ST21/14,9,2403,69.85,3.69371,258,0,292,0,40,150,4,1,1.25,0,FALSE
24/02/2021,ST21/14,9,2403,1246.44,3.69371,4604,58,246,0,772,800,4,22.75,1,0,FALSE
25/02/2021,ST21/14,9,2403,1269.19,3.69371,4688,0,176,0,747,1550,4,18.83,0.17,0,FALSE
25/02/2021,ST21/15,9,2403,189.51,3.69371,700,0,0,0,109,150,4,5,0,0,FALSE
26/02/2021,ST21/15,9,2403,1200.96,3.69371,4436,0,749,0,765,1700,4,21.17,2.83,0,FALSE
27/02/2021,ST21/15,9,2403,819.23,3.69371,3026,0,97,0,527,700,4,14.83,0.17,0,FALSE
15/03/2021,ST21/016,9,2403,216.04,3.69371,798,0,422,0,200,0,4,5,1,2,FALSE
16/03/2021,ST21/016,9,2403,1303.3,3.69371,4814,0,480,5,1011,1450,4,22.83,1.67,0,FALSE
17/03/2021,ST21/016,9,2403,1375.31,3.69371,5080,0,200,10,820,1770,4,23.75,0.25,0,FALSE
18/03/2021,ST21/016,9,2403,864.17,3.69371,3192,0,117,0,708,1150,4,15.83,0,0,FALSE
18/03/2021,ST21/018,9,2403,64.7,3.69371,239,0,50,50,45,80,4,1.67,0,6.5,FALSE
19/03/2021,ST21/016,9,2403,353.3,3.69371,1305,0,523,12,310,750,4,6.58,1.75,4,FALSE
19/03/2021,ST21/019,9,2403,414.22,3.69371,1530,0,465,80,290,100,4,7.83,1.33,0,FALSE
20/03/2021,ST21/019,9,2403,1274.33,3.69371,4707,0,68,48,990,540,4,23.67,0.33,0,FALSE
21/03/2021,ST21/019,9,2403,1305.46,3.69371,4822,0,75,25,778,1270,4,23.92,0.08,0,FALSE
22/03/2021,ST21/019,9,2403,455.37,3.69371,1682,0,35,0,424,1350,4,8.25,0,0,FALSE
22/03/2021,ST21/021,9,2403,610.77,3.69371,2256,0,676,0,557,450,4,12.75,2.25,0,FALSE
23/03/2021,ST21/021,9,2403,544.44,3.69371,2011,0,1066,82,401,200,4,9.83,3.92,6.92,FALSE
24/03/2021,ST21/021,9,2403,732.33,3.69371,2705,0,932,0,498,850,4,15.67,1.83,5.5,FALSE
25/03/2021,ST21/021,9,2403,1018.22,3.69371,3761,0,667,33,619,600,4,21.5,1,1.5,FALSE
26/03/2021,ST21/021,9,2403,1262.96,3.69371,4665,0,524,0,971,750,4,22,1.83,0.17,FALSE
27/03/2021,ST21/021,9,2403,1272.71,3.69371,4701,0,120,23,682,770,4,19.58,0.25,0,FALSE
03/04/2021,ST21/024,9,2403,334.89,3.69371,1237,0,201,15,182,300,4,5.5,0.5,0,FALSE
06/04/2021,ST21/024,9,2403,1092.94,3.69371,4037,0,127,0,622,0,4,16.75,0,0,FALSE
07/04/2021,ST21/024,9,2403,1525.57,3.69371,5635,0,136,0,893,600,4,23.83,0.17,0,FALSE
08/04/2021,ST21/024,9,2403,1533.15,3.69371,5663,0,137,0,889,1267,4,23.25,0.42,0.33,FALSE
09/04/2021,ST21/024,9,2403,505.73,3.69371,1868,0,129,0,298,305,4,7.83,0.17,0,FALSE
16/04/2021,ST21/027,9,2403,164.06,3.69371,606,0,584,0,150,0,4,3.33,0.75,0,FALSE
17/04/2021,ST21/027,9,2403,1502.83,3.69371,5551,0,154,0,945,1550,4,23.83,0.17,0,FALSE
18/04/2021,ST21/027,9,2403,1566.72,3.69371,5787,0,51,0,922,1550,4,23.92,0.08,0,FALSE
19/04/2021,ST21/027,9,2403,1504.99,3.69371,5559,0,164,1,622,980,4,23.83,0.17,0,FALSE
20/04/2021,ST21/027,9,2403,1448.95,3.69371,5352,0,192,10,926,1220,4,23.33,0.67,0,FALSE
21/04/2021,ST21/027,9,2403,1459.51,3.69371,5391,0,242,0,967,1560,4,23.75,0.25,0,FALSE
22/04/2021,ST21/027,9,2403,501.66,3.69371,1853,0,270,0,350,500,4,8,0,0,FALSE
24/04/2021,ST21/028,9,2403,1016.59,3.69371,3755,0,41,0,660,1080,4,15.92,0.08,0,FALSE
25/04/2021,ST21/028,9,2403,1494.71,3.69371,5521,0,141,0,990,1340,4,23.67,0.33,0,FALSE
26/04/2021,ST21/028,9,2403,490.02,3.69371,1810,0,60,0,310,430,4,7.67,0.33,0,FALSE
18/02/2021,ST21/08,9,2403,555,3.69371,2050,0,297,0,444,380,4,12.67,0.83,0,FALSE
19/02/2021,ST21/08,9,2403,1085.36,3.69371,4009,0,464,25,781,600,4,22.5,1.5,0,FALSE
20/02/2021,ST21/08,9,2403,277.5,3.69371,1025,0,98,0,165,100,4,5.5,0,0,FALSE
20/02/2021,ST21/10,9,2403,77.16,3.69371,285,0,0,0,54,0,4,1.25,0,0,FALSE
21/02/2021,ST21/10,9,2403,387.15,3.69371,1430,0,30,0,280,150,4,7.75,0.25,0,FALSE
10/04/2021,ST21/0174,9,2403,504.1,3.69371,1862,0,190,0,363,655,4,8.33,0.83,0,FALSE
11/04/2021,ST21/0174,9,2403,1450.03,3.69371,5356,0,61,0,852,479,4,23.83,0.17,0,FALSE
12/04/2021,ST21/0174,9,2403,727.72,3.69371,2688,0,43,0,396,298,4,12.17,0.08,0,FALSE
12/04/2021,ST21/025,9,2403,749.92,3.69371,2770,0,46,0,493,171,4,11.67,0.08,0,FALSE
13/04/2021,ST21/025,9,2403,1496.06,3.69371,5526,0,206,0,904,696,4,23.42,0.58,0,FALSE
14/04/2021,ST21/025,9,2403,763.19,3.69371,2819,0,353,0,449,360,4,12.17,0.33,0,FALSE
29/04/2021,ST21/033,9,2403,964.88,3.69371,3564,0,277,0,660,630,4,14.67,2.17,0,FALSE
20/02/2021,ST21/09,9,2403,805.97,3.69371,2977,0,104,0,552,300,4,17.08,0.17,0,FALSE
23/03/2021,OM21/20,4,2403,0,3.69371,0,0,415,0,0,150,4,0,0,14.5,FALSE
24/03/2021,OM21/20,4,2403,800.82,3.69371,2958,0,2460,0,634,1600,4,10,7.83,1,FALSE
27/03/2021,OM21/173,4,2403,1337.68,3.69371,4941,0,272,0,698,1650,4,13.83,0.67,0,FALSE
05/03/2021,OM21/147,4,2403,189.24,3.69371,699,0,0,0,102,240,4,2,0,0,FALSE
06/03/2021,OM21/147,4,2403,239.33,3.69371,884,0,112,0,120,0,4,2.5,0.08,0,FALSE
24/03/2021,OM21/17,4,2403,219.83,3.69371,812,0,222,0,126,0,4,2.17,0.5,0,FALSE
25/03/2021,OM21/17,4,2403,1236.43,3.69371,4567,0,203,0,615,1500,4,13.75,0.25,0,FALSE
25/03/2021,OM21/172,4,2403,803.8,3.69371,2969,0,392,0,449,850,4,9.25,0.75,0,FALSE
26/03/2021,OM21/172,4,2403,1017.41,3.69371,3758,0,253,0,509,1210,4,10.83,0.25,0,FALSE
26/03/2021,OM21/22,4,2403,1236.16,3.69371,4566,0,183,0,709,810,4,12.5,0.42,0,FALSE
27/03/2021,OM21/22,4,2403,46.84,3.69371,173,0,0,0,23,0,4,0.5,0,0,FALSE
15/01/2021,OM21/20,4,2403,222.81,3.69371,823,0,270,0,128,280,4,2.5,0.33,0,FALSE
21/01/2021,OM21/40,4,2403,605.08,3.69371,2235,17,367,0,301,900,4,6.67,0.5,0,FALSE
22/01/2021,OM21/40,4,2403,1673.12,3.69371,6180,38,189,0,968,2060,4,18,0.33,0,FALSE
13/01/2021,OM21/13,4,2403,1212.87,3.69371,4480,34,388,0,698,1400,4,13.25,0.75,0.75,FALSE
14/01/2021,OM21/13,4,2403,2207,3.69371,8152,226,209,0,1240,2550,4,23.5,0.5,0,FALSE
15/01/2021,OM21/13,4,2403,187.62,3.69371,693,17,0,0,108,100,4,2,0.08,0,FALSE
15/01/2021,OM21/19,4,2403,222.81,3.69371,823,0,0,0,128,220,4,2.5,0.08,0,FALSE
16/01/2021,OM21/35,4,2403,150.53,3.69371,556,0,187,0,81,300,4,1.67,0.33,0,FALSE
17/01/2021,OM21/35,4,2403,2276.31,3.69371,8408,51,69,0,1169,2680,4,23.33,0.17,0,FALSE
17/01/2021,OM21/36,4,2403,46.84,3.69371,173,0,0,0,23,140,4,0.5,0,0,FALSE
18/01/2021,OM21/36,4,2403,2267.91,3.69371,8377,48,142,0,1250,2560,4,23.67,0.17,0.17,FALSE
19/01/2021,OM21/36,4,2403,2192.65,3.69371,8099,34,294,0,1199,1980,4,22.75,0.75,0.5,FALSE
20/01/2021,OM21/36,4,2403,2219.99,3.69371,8200,48,356,0,1172,2095,4,23.25,0.25,0.5,FALSE
21/01/2021,OM21/36,4,2403,250.43,3.69371,925,17,299,0,144,325,4,2.5,0.5,0,FALSE
21/01/2021,OM21/39,4,2403,1267.56,3.69371,4682,17,44,0,666,1040,4,13.67,0.17,0,FALSE
01/02/2021,OM21/62,4,2403,18.95,3.69371,70,0,1240,50,10,0,4,0.5,2.5,9.83,FALSE
03/02/2021,OM21/62,4,2403,1020.11,3.69371,3768,0,670,0,587,1580,4,11.08,1.58,9,FALSE
15/01/2021,OM21/14,4,2403,894.77,3.69371,3305,25,1118,0,515,1190,4,10.08,1.75,0,FALSE
16/01/2021,OM21/14,4,2403,2044.56,3.69371,7552,34,298,0,1054,1530,4,21.67,0.33,0,FALSE
28/01/2021,ST21/05,9,2403,273.44,3.69371,1010,0,110,0,150,230,3,6,0.5,0,FALSE
29/01/2021,ST21/05,9,2403,494.35,3.69371,1826,0,311,0,274,370,3,9.5,0.5,0,FALSE
22/01/2021,OM21/41,4,2403,532.53,3.69371,1967,10,140,0,307,750,4,5.33,0.33,0,FALSE
23/01/2021,OM21/41,4,2403,1144.38,3.69371,4227,17,147,0,629,1430,4,12.42,0.33,0,FALSE
18/01/2021,OM21/33,6,2403,1330.91,3.69371,4916,128,182,0,688,1873,4,14.17,0.75,0,FALSE
12/01/2021,OM21/22,4,2403,317.84,3.69371,1174,0,358,0,183,500,4,3.67,0.67,0,FALSE
18/01/2021,OM21/38,6,2403,156.48,3.69371,578,44,713,0,107,554,4,2,0.83,0,FALSE
12/01/2021,OM21/21,4,2403,318.38,3.69371,1176,17,29,0,183,0,4,3.83,0,0,FALSE
03/03/2021,OM21/133,4,2403,1481.71,3.69371,5473,31,2088,0,907,700,4,15.92,3.92,0.5,FALSE
15/01/2021,OM21/31,6,2403,605.9,3.69371,2238,0,30,0,493,725,4,6.25,0.08,0,FALSE
16/01/2021,OM21/31,6,2403,833.58,3.69371,3079,15,344,0,441,1075,4,8.83,0.42,0.25,FALSE
16/01/2021,OM21/34,6,2403,1066.68,3.69371,3940,38,500,0,550,1411,4,12.33,0.83,1.33,FALSE
17/01/2021,OM21/34,6,2403,982.21,3.69371,3628,21,282,0,532,987,4,10.67,0.33,0,FALSE
18/01/2021,OM21/37,6,2403,363.59,3.69371,1343,18,420,0,196,0,4,4.67,0.5,0,FALSE
19/01/2021,OM21/37,6,2403,485.15,3.69371,1792,8,0,0,262,0,4,5.17,0,0,FALSE
20/02/2021,OM21/96,6,2403,1357.17,3.69371,5013,18,95,0,893,1257,4,14.5,0.08,0,FALSE
19/03/2021,OM21/162,6,2403,1726.72,3.69371,6378,58,968,0,1101,2069,4,18.58,1.5,0.75,FALSE
20/03/2021,OM21/162,6,2403,445.35,3.69371,1645,0,0,0,216,450,4,4.83,0,0,FALSE
17/01/2021,OM21/32,6,2403,1221.27,3.69371,4511,27,179,0,657,1370,4,12.5,0.5,0,FALSE
18/01/2021,OM21/32,6,2403,62.54,3.69371,231,2,57,0,33,107,4,0.75,0.08,0.25,FALSE
22/02/2021,OM21/103,6,2403,1392.37,3.69371,5143,40,525,0,903,830,4,14.92,1.08,0,FALSE
27/03/2021,OM21/171,6,2403,753.99,3.69371,2785,0,88,0,501,919,4,8.58,0.17,0.17,FALSE
24/01/2021,OM21/47,4,2467,20,87,1740,11,314,0,50,640,4,4.33,0.17,0.5,FALSE
25/01/2021,OM21/47,4,2467,60,87,5220,28,217,0,149,1540,4,13,0,0.25,FALSE
18/03/2021,OM21/145,4,2690,60,89.96667,5398,0,1525,0,588,0,4,13.83,2.33,0.5,FALSE
22/03/2021,OM21/151,4,2467,66,86,5676,0,468,0,369,0,4,13.75,1.75,0,FALSE
23/01/2021,OM21/45,4,2467,0,86,0,0,300,10,0,0,4,0,0.67,2.33,FALSE
24/01/2021,OM21/45,4,2467,50,86.76,4338,100,1006,0,136,0,4,11.92,0.67,5.42,FALSE
27/01/2021,OM21/49,4,2467,81,87,7047,32,755,0,166,1435,4,17.42,0.25,2.58,FALSE
28/01/2021,OM21/49,4,2467,66,87,5742,32,0,0,149,900,4,13.5,0,0,FALSE
28/01/2021,OM21/48,4,2467,47,87,4089,277,222,0,94,0,4,9.83,0.67,0,FALSE
29/01/2021,OM21/48,4,2467,119,86.32773,10273,38,0,0,255,0,4,24,0,0,FALSE
30/01/2021,OM21/48,4,2467,117,85.34188,9985,38,152,0,175,1838,4,23.33,0.67,0,FALSE
31/01/2021,OM21/48,4,2467,112,86.34821,9671,36,496,0,234,780,4,22.75,0.92,0.33,FALSE
08/03/2021,OM21/143,4,2690,28,91.10714,2551,0,726,100,283,0,4,6.5,2,10.5,FALSE
09/03/2021,OM21/143,4,2690,103,86.8932,8950,96,385,0,989,0,4,23.67,0.33,0,FALSE
10/03/2021,OM21/143,4,2690,96,88,8448,90,167,0,864,0,4,22.33,0.17,0,FALSE
15/03/2021,OM21/143,4,2690,78,89.33333,6968,0,977,0,764,930,4,17.33,3.42,1.25,FALSE
16/03/2021,OM21/148,4,2690,75,22.57333,1693,0,400,0,225,670,4,6.67,0.75,0,FALSE
16/03/2021,OM21/161,4,2692,100,53.12,5312,0,532,0,588,0,4,13.67,0.92,0,FALSE
16/03/2021,OM21/163,4,2692,18,54.11111,974,0,0,0,95,0,4,2,0.08,0,FALSE
17/03/2021,OM21/163,4,2692,33,52,1716,0,96,0,198,0,4,4,0.5,0,FALSE
18/03/2021,OM21/164,4,2690,32,89.5,2864,0,155,0,345,0,4,7,0.33,0,FALSE
19/03/2021,OM21/164,4,2690,107,90.33645,9666,0,112,0,987,0,4,23.83,0.17,0,FALSE
20/03/2021,OM21/164,4,2690,28,90,2520,0,45,0,280,0,4,6.5,0,0,FALSE
20/03/2021,OM21/149,4,2467,19,86.47368,1643,0,458,5,28,0,4,4,1,4.5,FALSE
21/03/2021,OM21/149,4,2467,80,86.4,6912,0,645,0,446,1150,4,16.5,1,0,FALSE
13/04/2021,OM21/215,4,2690,24,79.08333,1898,0,322,22,185,0,4,4.5,1,0,FALSE
14/04/2021,OM21/215,4,2690,61,91.18033,5562,0,1307,28,776,0,4,17.67,0.5,3.33,FALSE
15/04/2021,OM21/215,4,2690,43,89.27907,3839,0,231,0,380,0,4,9.83,0.5,0,FALSE
15/04/2021,OM21/216,4,2690,55,95.8,5269,0,145,0,265,0,4,13.5,0.17,0,FALSE
16/04/2021,OM21/216,4,2690,95,89.44211,8497,0,479,0,928,550,4,21.67,0,1,FALSE
17/04/2021,OM21/217,4,2467,7,86,602,0,318,20,30,0,4,2,1.17,0,FALSE
18/04/2021,OM21/217,4,2467,73,84.72603,6185,0,893,0,243,150,4,15.17,1,1.33,FALSE
19/04/2021,OM21/227,4,2467,46,85.6087,3938,0,909.5,0,143,30,4,11.17,1,0,FALSE
20/04/2021,OM21/227,4,2467,29,86.37931,2505,0,310,0,96,0,4,7,0.75,0,FALSE
18/01/2021,ST21/01,9,2467,0,86,0,0,570,0,0,0,3,0,3,6,FALSE
19/01/2021,ST21/01,9,2467,21,87.52381,1838,0,2094,0,158,400,3,10,7.5,3,FALSE
20/01/2021,ST21/01,9,2467,55,83.4,4587,0,763,0,330,760,3,22.5,0,1.5,FALSE
21/01/2021,ST21/01,9,2467,47,85.59574,4023,0,969,0,338,300,3,20.42,1.25,2.33,FALSE
22/01/2021,ST21/01,9,2467,61,83.01639,5064,0,108,0,388,0,3,23.75,0.25,0,FALSE
23/01/2021,ST21/01,9,2467,16,83,1328,0,26,0,96,0,3,6,0,0,FALSE
25/01/2021,OM21/46,4,2467,42,86.19048,3620,28,772,0,104,1180,4,9.33,1.42,0,FALSE
26/01/2021,OM21/46,4,2467,38,87,3306,19,209,0,94,820,4,8,0.5,0,FALSE
26/01/2021,OM21/50,4,2467,73,85.9589,6275,32,53,0,163,1720,4,15.5,0,0,FALSE
27/01/2021,OM21/50,4,2467,7,87,609,0,100,10,17,205,4,1.5,0.5,0,FALSE
17/03/2021,OM21/144,4,2690,60,90.93333,5456,226,1216,0,689,0,4,14.58,1.83,0.42,FALSE
21/03/2021,OM21/150,4,2467,28,86,2408,0,0,0,184,900,4,6,0.5,0,FALSE
22/03/2021,OM21/150,4,2467,38,85.92105,3265,0,86,0,206,0,4,7.58,0.42,0,FALSE
16/04/2021,OM21/219,4,2690,2,91,182,0,268,0,50,0,4,0.67,0.67,0,FALSE
17/04/2021,OM21/219,4,2690,53,83.81132,4442,0,195,0,570,1078,4,13.25,0.08,0,FALSE
18/04/2021,OM21/218,4,2467,25,84.24,2106,0,331,0,65,590,4,5.5,1,0,FALSE
19/04/2021,OM21/218,4,2467,45,88.93333,4002,0,701.5,0,165,260,4,10.75,1.08,0,FALSE
15/01/2021,OM21/15,4,618,342.97,3.54258,1215,5,415,0,189,500,4,3.5,1.17,0,FALSE
24/02/2021,OM21/113,4,618,438.38,3.54258,1553,17,1162,10,256,1420,4,4.25,2.92,4,FALSE
25/02/2021,OM21/113,4,618,710.22,3.54258,2516,20,745,0,424,1730,4,7.83,1.67,0,FALSE
15/02/2021,OM21/91,6,618,1194.89,3.54258,4233,84,2449,0,775,2653,4,13.08,2.83,3.25,FALSE
25/02/2021,OM21/114,4,618,941.4,3.54258,3335,978,987,0,621,0,4,12,0.5,2,FALSE
26/02/2021,OM21/114,4,618,1067.02,3.54258,3780,191,457,0,580,1350,4,11.25,1.17,0,FALSE
16/02/2021,OM21/94,6,618,129.57,3.54258,459,28,203,0,77,0,4,1.25,0,0.33,FALSE
17/02/2021,OM21/94,6,618,2123.88,3.54258,7524,147,842,0,1364,2088,4,22.08,1.08,0.83,FALSE
18/02/2021,OM21/94,6,618,59.28,3.54258,210,0,0,0,35,0,4,0.67,0,0,FALSE
01/03/2021,OM21/129,4,618,680.58,3.54258,2411,25,172,0,363,800,4,6.67,0.17,0,FALSE
13/02/2021,OM21/87,6,618,530.12,3.54258,1878,56,899,0,465,590,4,6.75,0.58,1.17,FALSE
14/02/2021,OM21/87,6,618,1484.23,3.54258,5258,46,542,0,824,1950,4,15.67,0.17,0.75,FALSE
02/03/2021,OM21/132,4,618,1217.47,3.54258,4313,25,178,0,662,1590,4,12.08,0.08,0,FALSE
03/03/2021,OM21/132,4,618,313.05,3.54258,1109,17,0,0,162,500,4,3.67,0,0,FALSE
14/02/2021,OM21/88,6,618,626.94,3.54258,2221,16,347,0,418,573,4,6.5,0.92,0,FALSE
07/01/2021,OM21/1,6,560,897.1,2.7132,2434,21,21,0,460,780,4,6.83,0.33,0,FALSE
08/01/2021,OM21/1,6,560,2990.57,2.7132,8114,165,274,0,1637,3290,4,23.67,0.33,0,FALSE
09/01/2021,OM21/1,6,560,2017.18,2.7132,5473,234,667,0,1092,1712,4,17,1.42,0.33,FALSE
09/01/2021,OM21/3,6,560,550.27,2.7132,1493,0,100,0,277,324,4,5,0.25,0,FALSE
10/01/2021,OM21/3,6,560,1988.06,2.7132,5394,901,1907,40,1238,2195,4,18.67,3.67,0.67,FALSE
11/01/2021,OM21/3,6,560,2696.08,2.7132,7315,1006,253,0,1560,2593,4,22.75,1.25,0,FALSE
12/01/2021,OM21/3,6,560,3006.05,2.7132,8156,219,54,0,1610,2535,4,24,0,0,FALSE
13/01/2021,OM21/3,6,560,1873.8,2.7132,5084,55,194,0,1054,1586,4,15,0.25,0.25,FALSE
13/01/2021,OM21/10,6,560,1025.36,2.7132,2782,189,139,0,560,1327,4,8.25,0.25,0,FALSE
14/01/2021,OM21/10,6,560,2748.05,2.7132,7456,686,279,0,1602,1674,4,23.58,0.42,0,FALSE
15/01/2021,OM21/10,6,560,2060.67,2.7132,5591,420,317,0,1069,1536,4,17.08,0.58,0,FALSE
24/01/2021,OM21/51,6,560,1082.86,2.7132,2938,20,254,0,450,1338,4,8.17,0.33,0,FALSE
25/01/2021,OM21/51,6,560,2007.23,2.7132,5446,245,548,0,830,1173,4,17,0.67,0.33,FALSE
26/01/2021,OM21/56,6,560,1749.23,2.7132,4746,617,292,0,827,1557,4,15.17,0.58,0,FALSE
27/01/2021,OM21/56,6,560,2216.57,2.7132,6014,139,456,0,1077,1321,4,18.58,0.58,0.33,FALSE
28/01/2021,OM21/53,6,560,382.94,2.7132,1039,8,431,0,207,435,4,3,1.17,0.33,FALSE
28/01/2021,OM21/54,6,560,382.94,2.7132,1039,10,856,0,276,620,4,3.33,2.08,0,FALSE
27/01/2021,OM21/52,6,560,391.05,2.7132,1061,7,468,0,163,380,4,3.5,1,0,FALSE
27/02/2021,OM/21/052,5,2957,85,18.52941,1575,0,33,0,201,300,3,11.33,0.42,0,FALSE
28/02/2021,OM/21/052,5,2957,247,11.65992,2880,0,946,0,434,1115,3,21.25,2.75,0,FALSE
01/03/2021,OM/21/052,5,2957,217,9.39171,2038,0,406,0,207,480,3,14.75,2.08,0,FALSE
21/04/2021,OM/21/0162,2,2895,142,42.70423,6064,0,1082,2,82,1381,3,22.08,1.92,0,FALSE
26/04/2021,OM/21/0162,2,2895,34,45.14706,1535,0,2279,45,12,200,3,5.67,8.33,0.5,FALSE
27/04/2021,OM/21/0162,2,2895,99,42.92929,4250,0,2237,16,64,925,3,16.33,4.92,1.08,FALSE
28/04/2021,OM/21/0162,2,2895,29,42.68966,1238,0,175,0,17,225,3,5.67,0,0.33,FALSE
07/01/2021,OM/21/013,3,2938,285,27.57193,7858,0,1212,0,92,0,3,18.08,1.75,1.5,FALSE
08/01/2021,OM/21/013,3,2938,215,28.00465,6021,0,435,0,91,0,3,12.05,0.83,0,FALSE
08/01/2021,OM/21/019,3,2938,176,28.35227,4990,0,257,0,92,0,3,10,1.08,0,FALSE
09/01/2021,OM/21/019,3,2938,336,28.16667,9464,0,193,0,152,0,3,19.83,1.17,0,FALSE
21/02/2021,OM/21/072,3,2938,82,29.47561,2417,0,1436,0,47,0,3,4.5,4.67,0,FALSE
22/02/2021,OM/21/072,3,2938,240,28.35833,6806,0,455,0,101,0,3,14.67,0.75,0,FALSE
23/02/2021,OM/21/072,3,2938,430,28.09302,12080,0,23,0,230,0,3,23.92,0.08,0,FALSE
24/02/2021,OM/21/072,3,2938,251,27.73307,6961,0,322,0,127,0,3,13.67,0.67,0,FALSE
24/02/2021,OM/21/074,3,2953,111,33.43243,3711,0,818,0,66,0,3,7.5,1.67,0,FALSE
25/02/2021,OM/21/074,3,2953,46,33.08696,1522,0,245,0,42,0,3,3.33,0,0.5,FALSE
27/02/2021,OM/21/088,3,2938,118,27.62712,3260,0,627,0,68,0,3,7.67,1.17,0,FALSE
28/02/2021,OM/21/088,3,2938,92,27.78261,2556,0,5,0,27,0,3,6.42,0.5,0,FALSE
26/02/2021,OM/21/051,5,2957,42,19.61905,824,0,2375,0,122,550,3,10.25,10,0,FALSE
27/02/2021,OM/21/051,5,2957,22,19.63636,432,0,58,0,30,200,3,3,1.5,0,FALSE
02/03/2021,OM/21/082,5,2895,47,42.06383,1977,0,859,0,116,450,3,6.5,4,2.5,FALSE
03/03/2021,OM/21/082,5,2895,156,42.57051,6641,0,747,0,188,475,3,21.67,1.83,0,FALSE
04/03/2021,OM/21/082,5,2948,10,35.5,355,0,0,0,14,0,3,1.33,0,0,FALSE
04/03/2021,OM/21/083,5,2896,72,21,1512,0,658,0,66,0,3,5.33,0,2.17,FALSE
21/04/2021,OM/21/0139,3,2938,195,28.07692,5475,0,367,0,79,0,3,12.67,0.67,0,FALSE
22/04/2021,OM/21/0139,3,2938,368,28.30707,10417,0,388,0,141,1025,3,22.58,1.42,0,FALSE
23/04/2021,OM/21/0139,3,2938,38,28.15789,1070,0,0,0,15,0,3,2.17,0,0,FALSE
23/04/2021,OM/21/0158,3,2953,275,31.45455,8650,0,1082,0,124,1290,3,19.5,2.33,0,FALSE
24/04/2021,OM/21/0166,3,2953,602,13.22425,7961,0,2169,0,135,1530,3,18.17,4.67,0,FALSE
22/04/2021,OM/21/0164,2,2895,8,42.875,343,0,165,2,5,10,3,1,0.5,0,FALSE
23/04/2021,OM/21/0164,2,2895,148,41.72297,6175,0,243,6,92,1790,3,22.07,1.77,0,FALSE
16/01/2021,OM/21/025,3,2938,150,27.16667,4075,0,609,0,85,1080,3,9.25,2.25,0,FALSE
17/01/2021,OM/21/025,3,2938,50,27.52,1376,0,310,0,28,320,3,3,0.83,0,FALSE
24/03/2021,OM/21/0119,3,2938,207,27.45411,5683,0,856,0,89,945,3,11.5,2.5,0,FALSE
28/04/2021,OM/21/0170,3,2938,141,27.2766,3846,0,692,0,49,850,3,9.33,1.25,0,FALSE
29/04/2021,OM/21/0170,3,2938,264,28.54924,7537,0,943,0,100,2080,3,15.58,1.42,0,FALSE
20/02/2021,OM/21/064,2,2938,163,27.80368,4532,0,989,0,49,1515,3,14.33,2.25,0.5,FALSE
21/02/2021,OM/21/064,2,2938,38,31.21053,1186,0,395,0,12,400,3,4.67,1.67,2.5,FALSE
06/03/2021,OM/21/0100,2,2938,34,30,1020,0,766,0,10,360,3,3,1.42,0.83,FALSE
07/03/2021,OM/21/0100,2,2938,85,28.15294,2393,0,814,0,26,580,3,9.08,1.75,0,FALSE
15/01/2021,OM/21/024,3,2938,18,27.16667,489,0,110,0,10,170,3,1.42,0.5,0,FALSE
16/01/2021,OM/21/024,3,2938,188,26.55319,4992,0,653,0,108,1630,3,11,1.5,0,FALSE
22/01/2021,OM/21/042,3,2953,6,31.83333,191,0,1483,0,5,0,3,0.5,2,0,FALSE
23/01/2021,OM/21/042,3,2953,139,32.64029,4537,0,987,0,129,810,3,12.33,2.17,0,FALSE
23/01/2021,OM/21/041,3,2954,135,16.82963,2272,0,1314,0,64,510,3,7.17,2.08,0,FALSE
24/01/2021,OM/21/041,3,2954,38,17.34211,659,0,2263,0,10,0,3,3,3,3.83,FALSE
23/03/2021,OM/21/0118,3,2938,91,27.74725,2525,0,456,0,39,600,3,6.25,0,0.67,FALSE
24/03/2021,OM/21/0118,3,2938,110,29.70909,3268,0,417,0,44,210,3,6.57,1,0.67,FALSE
25/04/2021,OM/21/0167,3,2938,283,27.56184,7800,0,980,0,96,1690,3,20.25,1.75,0,FALSE
26/04/2021,OM/21/0167,3,2938,218,27.76606,6053,0,1003,0,70,2767,3,16,1.58,0.67,FALSE
27/02/2021,OM/21/050,5,2957,60,19.5,1170,0,181,0,165,100,3,7.17,0.58,0,FALSE
07/03/2021,OM/21/093,5,2895,103,42.75728,4404,0,516,0,156,550,3,13.25,1.75,0,FALSE
08/03/2021,OM/21/093,5,2895,34,42.76471,1454,0,25,0,60,190,3,4.75,0,0,FALSE
17/01/2021,OM/21/028,3,2938,172,27.04651,4652,0,984,0,98,1100,3,10.67,3,2,FALSE
18/01/2021,OM/21/028,3,2938,31,27.77419,861,0,340,0,18,420,3,2.33,0.83,0,FALSE
29/04/2021,OM/21/0176,3,2938,100,28.85,2885,0,400,0,40,750,3,6,1,0,FALSE
04/03/2021,OM/21/098,2,2938,102,27.52941,2808,0,166,0,33,1450,5,9.58,1.08,0,FALSE
05/03/2021,OM/21/098,2,2938,234,27.86752,6521,0,636,0,68,3200,5,22,1.5,0,FALSE
06/03/2021,OM/21/098,2,2938,144,28.94444,4168,0,380,0,45,1300,3,15.33,1.17,0,FALSE
22/04/2021,OM/21/0165,2,2895,135,40.21481,5429,0,736,2,63,1770,3,19.75,1.75,0.5,FALSE
12/01/2021,OM/21/020,3,2938,250,28.348,7087,0,905,0,143,2250,3,17.75,1.25,3,FALSE
13/01/2021,OM/21/020,3,2938,360,27.81667,10014,0,1158,0,183,2290,3,20.25,2.25,0.5,FALSE
14/01/2021,OM/21/020,3,2938,339,28.35103,9611,0,1160,0,159,1630,3,19.5,3,0,FALSE
15/01/2021,OM/21/020,3,2938,72,26.73611,1925,0,603,0,41,1000,3,4.25,1.5,1,FALSE
15/01/2021,OM/21/023,3,2953,130,32.49231,4224,0,852,0,92,1260,3,8.5,2.25,1,FALSE
25/03/2021,OM/21/0108,3,2938,18,28.5,513,0,1015,0,7,0,3,1.25,1.92,0,FALSE
26/03/2021,OM/21/0108,3,2938,229,28.32751,6487,0,1348,0,92,0,3,13.42,4.08,3.33,FALSE
27/03/2021,OM/21/0108,3,2938,361,28.03601,10121,0,1464,0,168,0,3,21.25,2.5,0,FALSE
26/04/2021,OM/21/0168,3,2938,75,28.4,2130,0,390,0,24,550,3,5.17,0.58,0,FALSE
27/04/2021,OM/21/0168,3,2938,338,27.77219,9387,0,692,0,133,2425,3,22.25,1.75,0,FALSE
28/04/2021,OM/21/0168,3,2938,188,26.52128,4986,0,377,0,48,1017,3,12.58,0.83,0,FALSE
04/03/2021,OM/21/085,5,2895,42,42.85714,1800,0,294,0,99,0,3,5.92,1.75,0,FALSE
05/03/2021,OM/21/085,5,2895,113,42.67257,4822,0,484,0,229,925,3,16.33,0.92,6,FALSE
06/03/2021,OM/21/085,5,2895,95,42.55789,4043,0,1030,0,170,975,3,12.08,3,0.83,FALSE
18/03/2021,OM/21/0106,5,2940,123,27.25203,3352,0,1440,0,108,900,3,10.25,4.17,0,FALSE
18/03/2021,OM/21/0108,5,2938,32,27.8125,890,0,185,0,20,200,3,3.33,0.5,0,FALSE
19/03/2021,OM/21/0108,5,2938,92,27.73913,2552,0,165,0,52,650,3,7.67,0.33,0,FALSE
21/02/2021,OM/21/065,2,2938,213,14.2723,3040,0,960,0,31,970,3,11.17,1.5,0,FALSE
25/02/2021,OM/21/080,3,2953,161,33.09317,5328,0,656,0,145,1212,3,11.42,2.33,0,FALSE
25/02/2021,OM/21/081,3,2938,100,33.43,3343,0,230,0,75,688,3,5.5,0.92,0,FALSE
26/02/2021,OM/21/081,3,2938,89,27.58427,2455,0,1849,0,36,770,3,4.58,5.08,0,FALSE
27/02/2021,OM/21/081,3,2938,25,27.6,690,0,966,0,14,80,3,2.67,1.17,0.42,FALSE
07/03/2021,OM/21/099,2,2938,8,26,208,0,1191,0,3,250,3,3,2.25,0,FALSE
08/03/2021,OM/21/099,2,2938,142,27.14085,3854,0,1347,0,49,1660,3,15.33,2.25,1.17,FALSE
18/01/2021,OM/21/029,3,2938,261,27.82375,7262,0,1717,0,150,2785,3,15.75,1.5,0.75,FALSE
19/01/2021,OM/21/029,3,2938,12,27.75,333,0,200,0,7,80,3,0.75,0.33,0,FALSE
24/03/2021,OM/21/0120,3,2938,13,27.61538,359,0,317,0,6,0,3,0.75,1,0,FALSE
25/03/2021,OM/21/0120,3,2938,188,28.35106,5330,0,597,0,68,0,3,10.7,0.33,0.5,FALSE
08/04/2021,OM/21/0141,3,2953,142,33.04225,4692,0,845,0,79,0,3,10.33,2.17,0,FALSE
09/04/2021,OM/21/0141,3,2953,60,25.63333,1538,0,124,0,23,0,3,4.08,0.25,0,FALSE
24/04/2021,OM/21/0163,2,2895,150,43.81333,6572,0,549,0,89,1875,3,22.42,1.58,0,FALSE
21/01/2021,OM/21/039,3,2938,100,27.52,2752,0,742,0,56,0,3,6.5,2.08,0.17,FALSE
22/01/2021,OM/21/039,3,2938,101,27.29703,2757,0,659,0,59,0,3,6,1,0,FALSE
06/03/2021,OM/21/096,5,2895,41,42.78049,1754,0,218,0,71,300,3,6.17,0.83,0,FALSE
07/03/2021,OM/21/096,5,2895,60,44.23333,2654,0,13,0,104,530,3,8,0,0,FALSE
22/01/2021,OM/21/040,3,2938,201,28.29851,5688,0,566,0,109,0,3,11.5,3,0,FALSE
04/03/2021,OM/21/084,5,2896,55,22.16364,1219,0,781,0,70,0,3,5.83,1.5,0,FALSE
26/01/2021,CR21/01,8,2851,133.96,8.4504,1132,0,533,0,0,817,2,11.25,5.75,2,FALSE
27/01/2021,CR21/01,8,2851,0,8.4504,0,0,20,0,0,10,2,0,0.75,9,FALSE
28/01/2021,CR21/01,8,2851,126.74,8.4504,1071,0,468,0,0,755,2,11,5,8,FALSE
29/01/2021,CR21/01,8,2851,73.25,8.4504,619,0,1230,0,0,913,2,9,9.5,0,FALSE
30/01/2021,CR21/01,8,2851,30.77,8.4504,260,0,20,0,0,125,2,2,0.25,0,FALSE
30/01/2021,CR21/03,8,2851,114.79,8.4504,970,0,1126,0,0,1024,2,10.25,10.5,0,FALSE
31/01/2021,CR21/03,8,2851,145.91,8.4504,1233,0,680,0,0,1069,2,12.75,7,0,FALSE
01/02/2021,CR21/03,8,2851,264.6,8.4504,2236,0,450,0,0,1324,2,19.5,4.5,0,FALSE
02/02/2021,CR21/03,8,2851,253.6,8.4504,2143,0,445,0,0,1296,2,19.5,4.5,0,FALSE
03/02/2021,CR21/03,8,2851,39.05,8.4504,330,0,0,0,0,175,2,3,0,0,FALSE
07/02/2021,CR21/05,8,2851,14.91,8.4504,126,0,0,0,0,165,2,1.33,0,0,FALSE
08/02/2021,CR21/05,8,2851,15.03,8.4504,127,0,320,0,0,220,2,1.5,2.5,0,FALSE
10/02/2021,CR21/05,8,2851,168.04,8.4504,1420,0,540,0,0,0,2,12.5,5,0,FALSE
11/02/2021,CR21/05,8,2851,125.2,8.4504,1058,0,580,0,0,300,2,12,5,1,FALSE
13/02/2021,CR21/05,8,2851,119.76,8.4504,1012,0,150,0,0,571,2,11,2,0,FALSE
14/02/2021,CR21/05,8,2851,227.8,8.4504,1925,0,666,0,0,868,2,18,5,0,FALSE
15/02/2021,CR21/05,8,2851,153.01,8.4504,1293,0,1060,0,0,735,2,13.5,7.5,0,FALSE
17/02/2021,CR21/05,8,2851,11.6,8.4504,98,0,790,0,0,430,2,2.25,6.75,0,FALSE
18/02/2021,CR21/05,8,2851,182.48,8.4504,1542,0,606,0,0,737,2,16,6.5,0,FALSE
19/02/2021,CR21/05,8,2851,195.61,8.4504,1653,0,714,0,0,755,2,19,4,0,FALSE
20/02/2021,CR21/05,8,2851,80.82,8.4504,683,0,565,0,0,613,2,8,6.5,6.5,FALSE
22/02/2021,CR21/05,8,2851,6.04,8.4504,51,0,210,0,0,130,2,1,1,0,FALSE
22/02/2021,CR21/07,8,2851,86.27,8.4504,729,0,90,0,0,403,2,7,1,0,FALSE
23/02/2021,CR21/07,8,2851,277.15,8.4504,2342,0,505,0,0,1411,2,21,3,0,FALSE
24/02/2021,CR21/07,8,2851,223.78,8.4504,1891,0,581,0,0,1224,2,17.5,5,0,FALSE
25/02/2021,CR21/07,8,2851,298.21,8.4504,2520,0,110,0,0,1295,2,22.75,1.25,0,FALSE
26/02/2021,CR21/07,8,2851,263.42,8.4504,2226,0,305,0,0,1255,2,20,4,0,FALSE
27/02/2021,CR21/07,8,2851,319.27,8.4504,2698,0,160,0,0,1416,2,22.5,1.5,0,FALSE
28/02/2021,CR21/07,8,2851,26.63,8.4504,225,0,85,0,0,155,2,2.5,0.17,0,FALSE
03/03/2021,CR21/09,8,2851,169.81,8.4504,1435,0,350,0,0,886,2,13.25,2.75,0,FALSE
04/03/2021,CR21/09,8,2851,216.08,8.4504,1826,0,702,0,0,1252,2,18.5,5.5,0,FALSE
05/03/2021,CR21/09,8,2851,282.95,8.4504,2391,0,350,0,0,1351,2,21.75,2.25,0,FALSE
06/03/2021,CR21/09,8,2851,208.16,8.4504,1759,0,600,0,0,1169,2,19,3.5,0,FALSE
07/03/2021,CR21/09,8,2851,237.86,8.4504,2010,0,565,0,0,1275,2,19.5,4.5,0,FALSE
08/03/2021,CR21/09,8,2851,256.67,8.4504,2169,0,449,0,0,1292,2,21.5,2.5,0,FALSE
09/03/2021,CR21/09,8,2851,40.23,8.4504,340,0,0,0,0,170,2,4,0,0,FALSE
25/03/2021,CR21/09,8,2851,0,8.4504,0,0,206,0,0,100,2,0,4,0,FALSE
26/03/2021,CR21/09,8,2851,76.33,8.4504,645,0,200,0,0,413,2,7,1,0,FALSE
29/03/2021,CR21/09,8,2851,57.04,8.4504,482,0,36,0,0,255,2,4.5,0.5,0,FALSE
07/04/2021,CR21/011,8,2851,205.55,8.4504,1737,0,210,30,0,950,2,16.5,2.5,0,FALSE
08/04/2021,CR21/011,8,2851,271.82,8.4504,2297,0,488,0,0,1377,2,18.75,5.25,0,FALSE
09/04/2021,CR21/011,8,2851,273.12,8.4504,2308,0,760,0,0,1518,2,18.5,4.5,0,FALSE
10/04/2021,CR21/011,8,2851,187.09,8.4504,1581,0,828,0,0,1186,2,13.25,9,0.5,FALSE
11/04/2021,CR21/011,8,2851,166.86,8.4504,1410,0,726,0,0,1052,2,13.5,6.5,0,FALSE
12/04/2021,CR21/011,8,2851,202.71,8.4504,1713,0,765,0,0,1215,2,16,7,0,FALSE
13/04/2021,CR21/011,8,2851,139.17,8.4504,1176,0,950,0,0,1053,2,11,11.5,0,FALSE
14/04/2021,CR21/011,8,2851,147.45,8.4504,1246,0,150,0,0,685,2,11.5,2,0,FALSE
03/02/2021,CR21/04,8,2851,99.29,8.4504,839,0,1435,0,0,989,2,9.5,10.5,1,FALSE
04/02/2021,CR21/04,8,2851,24.26,8.4504,205,0,900,0,0,537,2,2,6.5,0,FALSE
05/02/2021,CR21/04,8,2851,258.8,8.4504,2187,0,230,0,0,1158,2,20.5,2,0,FALSE
06/02/2021,CR21/04,8,2851,168.75,8.4504,1426,0,815,0,0,1171,2,12.5,8.5,0,FALSE
07/02/2021,CR21/04,8,2851,180.7,8.4504,1527,0,560,0,0,975,2,15.67,6,0,FALSE
09/03/2021,CR21/08,8,2851,205.43,8.4504,1736,0,470,0,0,1064,2,16.5,3.5,0,FALSE
10/03/2021,CR21/08,8,2851,262.83,8.4504,2221,0,270,0,0,1227,2,20,2.5,0,FALSE
12/03/2021,CR21/08,8,2851,212.77,8.4504,1798,0,444,0,0,1092,2,16,4.5,0,FALSE
13/03/2021,CR21/08,8,2851,158.81,8.4504,1342,0,385,0,0,837,2,12.25,3,0,FALSE
26/03/2021,CR21/010,8,2851,165.08,8.4504,1395,0,395,0,0,881,2,11,2,3,FALSE
27/03/2021,CR21/010,8,2851,298.8,8.4504,2525,0,240,0,0,1353,2,22.5,1.5,0,FALSE
28/03/2021,CR21/010,8,2851,272.89,8.4504,2306,0,555,0,0,1472,2,20,4,0,FALSE
02/01/2021,JW21/01,7,4870,1875,1,1875,0,0,75,0,0,2,17.92,1.08,0,FALSE
03/01/2021,JW21/01,7,4870,2525,1,2525,0,0,0,0,0,2,22.5,1.5,0,FALSE
07/01/2021,JW21/04,7,4870,1025,1,1025,0,0,0,0,0,2,10.25,0,0,FALSE
08/01/2021,JW21/04,7,4870,2400,1,2400,0,25,0,0,0,2,23.67,0.33,0,FALSE
09/01/2021,JW21/04,7,4870,2000,1,2000,0,50,0,0,0,2,21.67,0.17,0,FALSE
04/01/2021,JW21/02,7,4872,1575,1,1575,0,25,0,0,0,2,16,1,0,FALSE
05/01/2021,JW21/02,7,4872,1525,1,1525,0,0,0,0,0,2,15.67,0,0,FALSE
05/01/2021,JW21/03,7,4872,700,1,700,0,0,20,0,0,2,7,0.33,0.67,FALSE
06/01/2021,JW21/03,7,4872,1850,1,1850,0,0,20,0,0,2,19.67,0.33,2,FALSE
07/01/2021,JW21/03,7,4872,1275,1,1275,0,0,0,0,0,2,13.75,0,0,FALSE
29/01/2021,ST21/04,9,4618,504.31,4.61822,2329,0,25,0,445,0,3,13.42,0.58,0,FALSE
30/01/2021,ST21/04,9,4618,642.67,4.61822,2968,0,0,14,524,700,3,15.67,0.33,0,FALSE
27/04/2021,ST21/030,9,4618,164.57,4.61822,760,0,883,0,102,460,4,4,2.67,0,FALSE
28/04/2021,ST21/030,9,4618,930.23,4.61822,4296,0,540,12,698,330,4,20.5,3.5,0,FALSE
29/04/2021,ST21/030,9,4618,271.32,4.61822,1253,0,210,0,250,40,4,6.67,0.5,0,FALSE
25/01/2021,ST21/02,9,4618,535.05,4.61822,2471,0,345,0,384,0,3,14.5,1.5,0,FALSE
26/01/2021,ST21/02,9,4618,930.88,4.61822,4299,0,35,0,756,540,3,23.92,0.08,0,FALSE
27/01/2021,ST21/02,9,4618,272.18,4.61822,1257,0,73,0,230,210,3,7,0.17,0,FALSE
15/02/2021,ST21/06,9,4618,413.58,4.61822,1910,0,185,25,300,0,4,10.67,1,0,FALSE
16/02/2021,ST21/06,9,4618,861.15,4.61822,3977,0,136,0,686,0,4,23.83,0.17,0,FALSE
17/02/2021,ST21/06,9,4618,389.98,4.61822,1801,0,44,0,305,150,4,10.33,0.08,0,FALSE
09/04/2021,ST21/023,9,4618,687.71,4.61822,3176,0,461,6,497,790,4,13.67,0.83,1,FALSE
10/04/2021,ST21/023,9,4618,631.63,4.61822,2917,0,428,0,380,495,4,14,0.83,0,FALSE
22/04/2021,ST21/031,9,4618,779.95,4.61822,3602,0,10,0,550,980,4,15.42,0.58,0,FALSE
23/04/2021,ST21/031,9,4618,1181.62,4.61822,5457,0,53,1,860,970,4,23.92,0.08,0,FALSE
24/04/2021,ST21/031,9,4618,372.22,4.61822,1719,0,75,0,300,530,4,7.75,0.25,0,FALSE
27/01/2021,ST21/03,9,4618,634.23,4.61822,2929,0,295,0,506,300,3,15.83,1,0,FALSE
28/01/2021,ST21/03,9,4618,729.29,4.61822,3368,0,7,3,622,710,3,17.5,0,0,FALSE
17/02/2021,ST21/07,9,4618,490.67,4.61822,2266,0,134,14,371,750,4,12.92,0.67,0,FALSE
18/02/2021,ST21/07,9,4618,365.29,4.61822,1687,0,97,0,325,220,4,10.42,0.08,0,FALSE
26/04/2021,ST21/029,9,4618,771.73,4.61822,3564,0,191,0,525,1200,4,15.17,0.83,0,FALSE
27/04/2021,ST21/029,9,4618,680.13,4.61822,3141,0,349,0,550,950,4,14.33,0.33,0,FALSE
05/03/2021,OM21/141,4,4618,248.36,4.61822,1147,0,200,23,171,0,4,3.42,0.75,1.67,FALSE
05/03/2021,OM21/142,4,4618,312.89,4.61822,1445,0,368,0,266,450,4,4.5,0.5,0,FALSE
04/03/2021,OM21/134,4,4618,1489.97,4.61822,6881,13,364,0,961,0,4,20.17,0.33,0,FALSE
21/02/2021,OM21/104,6,4618,891.47,4.61822,4117,236,1539,0,678,2209,4,13.42,3,1.5,FALSE
22/02/2021,OM21/104,6,4618,346.67,4.61822,1601,12,299,4,202,777,4,4.58,1,0,FALSE
25/03/2021,OM21/169,6,4618,409.9,4.61822,1893,0,99,0,301,0,4,6.33,0.17,0,FALSE
26/03/2021,OM21/169,6,4618,1463.55,4.61822,6759,0,1407,0,1146,1410,4,19.58,1.08,3.33,FALSE
27/03/2021,OM21/169,6,4618,205.27,4.61822,948,0,0,0,190,200,4,2.58,0,0,FALSE
07/03/2021,OM21/127,6,4618,1429.12,4.61822,6600,70,1243,0,1135,300,4,21.25,2,0,FALSE
08/03/2021,OM21/127,6,4618,1438.43,4.61822,6643,63,1314,0,1038,0,4,19.75,3.75,0,FALSE
09/03/2021,OM21/127,6,4618,288.64,4.61822,1333,13,0,0,199,199,4,3.83,0,0,FALSE
09/03/2021,OM21/146,6,4618,1436.05,4.61822,6632,43,362,0,868,3013,4,19.5,0.67,0,FALSE
10/03/2021,OM21/146,6,4618,1536.52,4.61822,7096,64,466,0,1197,2283,4,21.08,0.92,0.92,FALSE
12/03/2021,OM21/146,6,4618,1122.94,4.61822,5186,46,820,0,755,0,4,18.17,1,4.83,FALSE
13/03/2021,OM21/146,6,4618,406.22,4.61822,1876,22,319,0,295,0,4,6,0.5,0,FALSE
13/03/2021,OM21/155,6,4618,1123.59,4.61822,5189,40,117,0,824,0,4,15.75,0.25,0,FALSE
